word,macronizedWord
primus,prīmus
prologus,prologus
Aesopus,Aesōpus
auctor,auctor
quam,quam
materiam,māteriam
repperit,repperit
",",","
hanc,hanc
ego,ego
polivi,polīvī
versibus,versibus
senariis,sēnāriīs
.,.
duplex,duplex
libelli,libellī
dos,dōs
:,:
quod,quod
risum,rīsum
movet,movet
et,et
prudenti,prūdentī
Prudenti,Prūdentī
vitam,vītam
consilio,cōnsiliō
monet,monet
calumniari,calumniārī
si,sī
autem,autem
voluerit,voluerit
arbores,arborēs
loquantur,loquantur
non,nōn
tantum,tantum
ferae,ferae
fictis,fictīs
iocari,iocārī
nos,nōs
meminerit,meminerit
lupus,lupus
Lupus,Lupus
agnus,agnus
ad,ad
rivum,rīvum
eundem,eundem
venerant,vēnerant
siti,sitī
compulsi,compulsī
;,;
superior,superior
stabat,stābat
inferior,īnferior
tunc,tunc
fauce,fauce
iurgii,iūrgiī
causam,causam
intulit,intulit
cur,cūr
inquit,inquit
turbulentam,turbulentam
fecisti,fēcistī
mihi,mihi
aquam,aquam
bibenti,bibentī
?,?
laniger,lāniger
contra,contrā
timens,timēns
qui,quī
possum,possum
quaeso,quaesō
facere,facere
lupe,lupe
Lupe,Lupe
a,ā
te,tē
decurrit,dēcurrit
meos,meōs
liquor,liquor
ille,ille
veritatis,vēritātis
viribus,vīribus
ante,ante
hos,hōs
sex,sex
menses,mēnsēs
ait,ait
dixisti,dīxistī
respondit,respondit
equidem,equidem
eram,eram
pater,pater
tuus,tuus
dixit,dīxit
atque,atque
correptum,correptum
lacerat,lacerat
nece,nece
haec,haec
propter,propter
illos,illōs
homines,hominēs
causis,causīs
innocentes,innocentēs
opprimunt,opprimunt
ranae,rānae
regem,rēgem
Regem,Rēgem
petierunt,petiērunt
Athenae,Athēnae
cum,cum
Cum,Cum
florerent,flōrērent
aequis,aequīs
Aequis,Aequīs
legibus,lēgibus
procax,procāx
libertas,lībertās
civitatem,cīvitātem
miscuit,miscuit
frenumque,frēnumque
solvit,solvit
factionum,factiōnum
partibus,partibus
arcem,arcem
tyrannus,tyrannus
occupat,occupat
Pisistratus,Pīsistratus
tristem,trīstem
servitutem,servitūtem
flerent,flērent
Attici,Atticī
(,(
quia,quia
sed,sed
quoniam,quoniam
omnino,omnīnō
),)
onus,onus
coepissent,coepissent
queri,querī
talem,tālem
tum,tum
fabellam,fābellam
rettulit,rettulit
vagantes,vagantēs
paludibus,palūdibus
clamore,clāmōre
magno,magnō
Magno,Magnō
petiere,petiēre
iove,iove
Iove,Iove
dissolutos,dissolūtōs
mores,mōrēs
vi,vī
compesceret,compesceret
deorum,deōrum
risit,rīsit
illis,illīs
parvum,parvum
tigillum,tigillum
Tigillum,Tigillum
missum,missum
Missum,Missum
motu,mōtū
terruit,terruit
pavidum,pavidum
mersum,mersum
limo,līmō
Limo,Līmō
diutius,diūtius
forte,forte
profert,prōfert
e,ē
caput,caput
explorato,explōrātō
cunctas,cūnctās
evocat,ēvocat
illae,illae
timore,timōre
posito,positō
certatim,certātim
adnatant,adnatant
lignumque,lignumque
petulans,petulāns
insilit,īnsilit
inquinassent,inquināssent
omni,omnī
rogantes,rogantēs
Iovem,Iovem
fuerat,fuerat
misit,mīsit
hydrum,hydrum
dente,dente
aspero,asperō
corripere,corripere
coepit,coepit
singulas,singulās
frustra,frūstrā
necem,necem
fugitant,fugitant
inertes,inertēs
praecludit,praeclūdit
furtim,fūrtim
igitur,igitur
dant,dant
Mercurio,Mercuriō
afflictis,afflīctīs
ut,ut
succurrat,succurrat
deus,deus
noluistis,nōluistis
vestrum,vestrum
ferre,ferre
bonum,bonum
perferte,perferte
—,—
vos,vōs
o,ō
cives,cīvēs
sustinete,sustinēte
maius,maius
Maius,Maius
ne,nē
veniat,veniat
graculus,grāculus
superbus,superbus
Superbus,Superbus
pavo,pāvō
Pavo,Pāvō
gloriari,glōriārī
libeat,libeat
alienis,aliēnīs
bonis,bonīs
suoque,suōque
potius,potius
habitu,habitū
nobis,nōbīs
exemplum,exemplum
prodidit,prōdidit
tumens,tumēns
inani,inānī
pennas,pennās
quae,quae
sustulit,sustulit
seque,sēque
exornavit,exōrnāvit
deinde,deinde
contemnens,contemnēns
suos,suōs
se,sē
inmiscuit,inmiscuit
formoso,fōrmōsō
gregi,gregī
illi,illī
inpudenti,inpudentī
eripiunt,ēripiunt
fugantque,fugantque
rostris,rōstrīs
mulcatus,mulcātus
redire,redīre
maerens,maerēns
proprium,proprium
quo,quō
sustinuit,sustinuit
quidam,quīdam
ex,ex
quos,quōs
prius,prius
despexerat,dēspexerat
contentus,contentus
nostris,nostrīs
fuisses,fuissēs
sedibus,sēdibus
dederat,dederat
voluisses,voluissēs
pati,patī
nec,nec
illam,illam
expertus,expertus
contumeliam,contumēliam
repulsam,repulsam
sentiret,sentīret
per,per
fluvium,fluvium
carnem,carnem
ferens,ferēns
amittit,āmittit
merito,meritō
alienum,aliēnum
adpetit,adpetit
flumen,flūmen
ferret,ferret
natans,natāns
lympharum,lymphārum
in,in
speculo,speculō
vidit,vīdit
simulacrum,simulācrum
suum,suum
praedam,praedam
ab,ab
altero,alterō
ferri,ferrī
putans,putāns
voluit,voluit
verum,vērum
aviditas,aviditās
quem,quem
tenebat,tenēbat
ore,ōre
dimisit,dīmīsit
cibum,cibum
petebat,petēbat
potuit,potuit
adeo,adeō
numquam,numquam
potente,potente
societas,societās
testatur,testātur
propositum,prōpositum
meum,meum
patiens,patiēns
iniuriae,iniūriae
socii,sociī
fuere,fuēre
leone,leōne
Leone,Leōne
saltibus,saltibus
hi,hī
cepissent,cēpissent
cervum,cervum
vasti,vastī
corporis,corporis
sic,sīc
factis,factīs
primam,prīmam
tollo,tollō
†,†
nominor,nōminor
secundam,secundam
Secundam,Secundam
sum,sum
tribuetis,tribuētis
plus,plūs
valeo,valeō
me,mē
sequetur,sequētur
afficietur,afficiētur
quartam,quārtam
tetigerit,tetigerit
improbitas,improbitās
abstulit,abstulit
solem,sōlem
vicini,vīcīnī
celebres,celebrēs
nuptias,nūptiās
continuo,continuō
narrare,nārrāre
incipit,incipit
uxorem,uxōrem
quondam,quondam
vellet,vellet
clamorem,clāmōrem
sustulere,sustulēre
sidera,sīdera
convicio,convīciō
permotus,permōtus
quaerit,quaerit
Iuppiter,Iuppiter
querelae,querēlae
quaedam,quaedam
nunc,nunc
omnes,omnēs
unus,ūnus
exurit,exūrit
cogitque,cōgitque
emori,ēmorī
quidnam,quidnam
futurum,futūrum
crearit,creārit
liberos,līberōs
tragicam,tragicam
vulpes,vulpēs
viderat,vīderat
species,speciēs
cerebrum,cerebrum
habet,habet
!,!
dictum,dictum
quibus,quibus
honorem,honōrem
gloriam,glōriam
tribuit,tribuit
sensum,sēnsum
communem,commūnem
gruis,gruis
pretium,pretium
meriti,meritī
improbis,improbīs
desiderat,dēsīderat
bis,bis
peccat,peccat
primum,prīmum
indignos,indignōs
adiuvat,adiuvat
impune,impūne
abire,abīre
iam,iam
potest,potest
devoratum,dēvorātum
haereret,haerēret
lupi,lupī
Lupi,Lupī
dolore,dolōre
singulos,singulōs
illicere,illicere
pretio,pretiō
illud,illud
extraherent,extraherent
tandem,tandem
iure,iūre
iurando,iūrandō
gulaeque,gulaeque
credens,crēdēns
colli,collī
longitudinem,longitūdinem
periculosam,perīculōsam
fecit,fēcit
medicinam,medicīnam
lupo,lupō
Lupo,Lupō
pro,prō
flagitaret,flāgitāret
praemium,praemium
nostro,nostrō
incolume,incolume
mercedem,mercēdem
postules,postulēs
passer,passer
Passer,Passer
consiliator,cōnsiliātor
sibi,sibi
aliis,aliīs
consilium,cōnsilium
dare,dare
stultum,stultum
paucis,paucīs
ostendemus,ostendēmus
oppressum,oppressum
graves,gravēs
obiurgabat,obiūrgābat
pernicitas,pernīcitās
quid,quid
cessarunt,cessārunt
dum,dum
loquitur,loquitur
ipsum,ipsum
accipiter,accipiter
necopinum,necopīnum
rapit,rapit
questuque,questūque
vano,vānō
clamitantem,clāmitantem
interficit,interficit
lepus,lepus
semianimus,sēmianimus
solacio,sōlāciō
securus,sēcūrus
irridebas,irrīdēbās
simili,similī
deploras,dēplōrās
iudice,iūdice
simio,sīmiō
quicumque,quīcumque
turpi,turpī
fraude,fraude
semel,semel
innotuit,innōtuit
etiam,etiam
dicit,dīcit
fidem,fidem
attestatur,attestātur
Aesopi,Aesōpī
arguebat,arguēbat
vulpem,vulpem
furti,fūrtī
crimine,crīmine
negabat,negābat
culpae,culpae
proximam,proximam
iudex,iūdex
inter,inter
sedit,sēdit
simius,sīmius
uterque,uterque
perorassent,perōrāssent
suam,suam
Suam,Suam
dixisse,dīxisse
fertur,fertur
sententiam,sententiam
tu,tū
perdidisse,perdidisse
petis,petis
credo,crēdō
surripuisse,surripuisse
negas,negās
asinus,asinus
venantes,vēnantēs
expers,expers
verbis,verbīs
iactans,iactāns
ignotos,ignōtōs
fallit,fallit
derisui,dērīsuī
venari,vēnārī
asello,asellō
illum,illum
frutice,frutice
admonuit,admonuit
simul,simul
voce,vōce
terreret,terrēret
feras,ferās
fugientes,fugientēs
ipse,ipse
exciperet,exciperet
auritulus,aurītulus
tollit,tollit
novoque,novōque
turbat,turbat
bestias,bēstiās
Bestias,Bēstiās
miraculo,mīrāculō
paventes,paventēs
notos,nōtōs
petunt,petunt
leonis,leōnis
Leonis,Leōnis
affliguntur,afflīguntur
horrendo,horrendō
impetu,impetū
postquam,postquam
caede,caede
fessus,fessus
asinum,asinum
iubetque,iubetque
insolens,īnsolēns
videtur,vidētur
tibi,tibi
meae,meae
nossem,nōssem
tuum,tuum
animum,animum
fugissem,fūgissem
metu,metū
cervus,cervus
fontem,fontem
utiliora,ūtiliōra
saepe,saepe
inveniri,invenīrī
narratio,nārrātiō
bibisset,bibisset
restitit,restitit
liquore,liquōre
effigiem,effigiem
ibi,ibi
mirans,mīrāns
laudat,laudat
cornua,cornua
crurumque,crūrumque
nimiam,nimiam
tenuitatem,tenuitātem
vituperat,vituperat
vocibus,vōcibus
conterritus,conterritus
campum,campum
cursu,cursū
elusit,ēlūsit
excepit,excēpit
ferum,ferum
retentis,retentīs
impeditus,impedītus
cornibus,cornibus
lacerari,lacerārī
morsibus,morsibus
saevis,saevīs
moriens,moriēns
edidisse,ēdidisse
dicitur,dīcitur
infelicem,īnfēlīcem
demum,dēmum
intellego,intellegō
utilia,ūtilia
fuerint,fuerint
despexeram,dēspexeram
laudaram,laudāram
quantum,quantum
habuerint,habuerint
corvus,corvus
laudari,laudārī
gaudet,gaudet
subdolis,subdolīs
dat,dat
poenas,poenās
Poenas,Poenās
de,dē
raptum,raptum
caseum,cāseum
comesse,comēsse
arbore,arbore
hunc,hunc
loqui,loquī
tuarum,tuārum
corve,corve
pennarum,pennārum
corpore,corpore
vultu,vultū
geris,geris
haberes,habērēs
prior,prior
foret,foret
at,at
stultus,stultus
vult,vult
emisit,ēmīsit
celeriter,celeriter
avidis,avidīs
rapuit,rapuit
dentibus,dentibus
ingemuit,ingemuit
corvi,corvī
stupor,stupor
hac,hāc
re,rē
probatur,probātur
ingenium,ingenium
valet,valet
virtute,virtūte
semper,semper
praevalet,praevalet
sutore,sūtōre
medicus,medicus
sutor,sūtor
deperditus,dēperditus
ignoto,ignōtō
coepisset,coepisset
loco,locō
venditaret,vēnditāret
falso,falsō
antidotum,antidotum
nomine,nōmine
verbosis,verbōsīs
acquisivit,acquīsīvit
famam,fāmam
strophis,strophīs
morbo,morbō
confectus,cōnfectus
gravi,gravī
rex,rēx
Rex,Rēx
eius,eius
experiendi,experiendī
scyphum,scyphum
poposcit,poposcit
dein,dein
simulans,simulāns
miscere,miscēre
illius,illīus
antidoto,antidotō
toxicum,toxicum
iussit,iussit
praemio,praemiō
confessus,cōnfessus
medicum,medicum
stupore,stupōre
vulgi,vulgī
factum,factum
nobilem,nōbilem
contione,contiōne
addidit,addidit
quantae,quantae
dementiae,dēmentiae
cui,cui
calceandos,calceandōs
nemo,nēmō
commisit,commīsit
pertinere,pertinēre
dixerim,dīxerim
quorum,quōrum
impudentiae,impudentiae
senem,senem
pastorem,pāstōrem
principatu,prīncipātū
commutando,commūtandō
saepius,saepius
nil,nīl
praeter,praeter
domini,dominī
mutant,mūtant
pauperes,pauperēs
id,id
asellum,asellum
prato,prātō
timidus,timidus
pascebat,pāscēbat
senex,senex
hostium,hostium
Hostium,Hostium
territus,territus
suadebat,suādēbat
asino,asinō
possent,possent
lentus,lentus
num,num
binas,bīnās
clitellas,clītellās
impositurum,impositūrum
victorem,victōrem
Victorem,Victōrem
putas,putās
Putas,Putās
negavit,negāvit
ergo,ergō
serviam,serviam
portem,portem
meas,meās
fraudator,fraudātor
advocat,advocat
sponsum,spōnsum
improbos,improbōs
rem,rem
expedire,expedīre
expetit,expetit
ovem,ovem
rogabat,rogābat
modium,modium
tritici,trīticī
sponsore,spōnsōre
praemetuens,praemetuēns
dolum,dolum
rapere,rapere
assuevit,assuēvit
conspectu,cōnspectū
veloci,vēlōcī
requiram,requīram
dies,diēs
advenerit,advēnerit
mendaces,mendācēs
malefici,maleficī
calumniator,calumniātor
peteret,peteret
commendasse,commendāsse
panem,pānem
contenderet,contenderet
citatus,citātus
unum,ūnum
deberi,dēbērī
affirmavit,affirmāvit
decem,decem
testimonio,testimōniō
debebat,dēbēbat
post,post
paucos,paucōs
bidens,bidēns
iacentem,iacentem
conspexit,cōnspexit
lupum,lupum
Lupum,Lupum
merces,mercēs
datur,datur
mulier,mulier
parturiens,parturiēns
libenter,libenter
recolit,recolit
laesit,laesit
locum,locum
instante,īnstante
partu,partū
mensibus,mēnsibus
humi,humī
iacebat,iacēbat
ciens,ciēns
vir,vir
corpus,corpus
reciperet,reciperet
naturae,nātūrae
melius,melius
deponeret,dēpōneret
illo,illō
posse,posse
confido,cōnfīdō
finiri,fīnīrī
conceptum,conceptum
initio,initiō
habent,habent
insidias,īnsidiās
hominis,hominis
blanditiae,blanditiae
quas,quās
vitemus,vītēmus
subiecti,subiectī
monent,monent
rogasset,rogāsset
alteram,alteram
fetum,fētum
tugurio,tuguriō
facile,facile
impetravit,impetrāvit
reposcenti,reposcentī
preces,precēs
admovit,admōvit
tempus,tempus
exorans,exōrāns
breve,breve
firmiores,firmiōrēs
posset,posset
catulos,catulōs
Catulos,Catulōs
consumpto,cōnsūmptō
flagitari,flāgitārī
validius,validius
cubile,cubīle
turbae,turbae
par,pār
cedam,cēdam
famelici,famēlicī
effectu,effectū
perniciem,perniciem
devocat,dēvocat
corium,corium
depressum,dēpressum
fluvio,fluviō
viderunt,vīdērunt
extractum,extractum
facilius,facilius
rupti,ruptī
periere,periēre
petierant,petierant
contingerent,contingerent
aper,aper
Aper,Aper
taurus,taurus
Taurus,Taurus
amisit,āmīsit
dignitatem,dignitātem
ignavis,ignāvīs
iocus,iocus
casu,cāsū
annis,annīs
Annis,Annīs
desertus,dēsertus
spiritum,spīritum
Spiritum,Spīritum
extremum,extrēmum
trahens,trahēns
fulmineis,fulmineīs
eum,eum
vindicavit,vindicāvit
ictu,ictū
veterem,veterem
iniuriam,iniūriam
infestis,īnfēstīs
mox,mox
hostile,hostīle
laedi,laedī
calcibus,calcibus
frontem,frontem
extudit,extudit
exspirans,exspīrāns
tuli,tulī
insultare,īnsultāre
dedecus,dēdecus
cogor,cōgor
videor,videor
homo,homō
homine,homine
instantem,īnstantem
molestis,molestīs
muribus,mūribus
purgo,pūrgō
domum,domum
faceres,facerēs
gratum,grātum
dedissem,dedissem
veniam,veniam
supplici,supplicī
laboras,labōrās
fruaris,fruāris
reliquiis,reliquiīs
sunt,sunt
rosuri,rōsūrī
ipsos,ipsōs
devores,dēvorēs
noli,nōlī
imputare,imputāre
vanum,vānum
beneficium,beneficium
improbam,improbam
leto,lētō
debent,dēbent
servit,servit
utilitas,ūtilitās
meritum,meritum
inane,ināne
iactant,iactant
imprudentibus,imprūdentibus
stultis,stultīs
gratus,grātus
peritis,perītīs
irritos,irritōs
tendit,tendit
dolos,dolōs
nocturnus,nocturnus
Nocturnus,Nocturnus
fur,fūr
misisset,mīsisset
obiecto,obiectō
temptans,temptāns
an,an
cibo,cibō
heus,heus
linguam,linguam
vis,vīs
meam,meam
latrem,lātrem
multum,multum
namque,namque
iubet,iubet
benignitas,benignitās
vigilare,vigilāre
facias,faciās
lucrum,lucrum
bos,bōs
inops,inops
potentem,potentem
imitari,imitārī
perit,perit
bovem,bovem
tantae,tantae
magnitudinis,magnitūdinis
rugosam,rūgōsam
inflavit,īnflāvit
pellem,pellem
natos,nātōs
interrogavit,interrogāvit
bove,bove
latior,lātior
negarunt,negārunt
rursus,rūrsus
intendit,intendit
cutem,cutem
maiore,maiōre
nisu,nīsū
quaesivit,quaesīvit
maior,maior
dixerunt,dīxērunt
inflare,īnflāre
sese,sēsē
rupto,ruptō
iacuit,iacuit
corcodili,corcodīlī
hominibus,hominibus
perdunt,perdunt
operam,operam
deridentur,dērīdentur
turpiter,turpiter
currentes,currentēs
nilo,nīlō
Nilo,Nīlō
flumine,flūmine
corcodilis,corcodīlīs
rapiantur,rapiantur
traditum,trāditum
currens,currēns
corcodilus,corcodīlus
quamlibet,quamlibet
lambe,lambe
otio,ōtiō
vereri,verērī
facerem,facerem
scirem,scīrem
cupidum,cupidum
nulli,nūllī
nocendum,nocendum
vero,vērō
laeserit,laeserit
multandum,multandum
admonet,admonet
cenam,cēnam
ciconiam,cicōniam
invitasse,invītāsse
liquidam,liquidam
posuisse,posuisse
sorbitionem,sorbitiōnem
nullo,nūllō
gustare,gustāre
esuriens,ēsuriēns
potuerit,potuerit
revocasset,revocāsset
intrito,intrītō
plenam,plēnam
lagonam,lagōnam
posuit,posuit
huic,huic
rostrum,rōstrum
inserens,īnserēns
satiatur,satiātur
torquet,torquet
convivam,convīvam
fame,famē
lagonae,lagōnae
collum,collum
lamberet,lamberet
peregrinam,peregrīnam
locutam,locūtam
volucrem,volucrem
accepimus,accēpimus
quisque,quisque
debet,dēbet
aequo,aequō
animo,animō
thesaurus,thēsaurus
vulturius,vulturius
res,rēs
avaris,avārīs
conveniens,conveniēns
humiles,humilēs
dici,dīcī
locupletes,locuplētēs
student,student
effodiens,effodiēns
ossa,ossa
thesaurum,thēsaurum
violarat,violārat
deos,deōs
divitiarum,dīvitiārum
cupiditas,cupiditās
sanctae,sānctae
itaque,itaque
aurum,aurum
custodit,cūstōdit
cibi,cibī
consumptus,cōnsūmptus
stans,stāns
super,super
iaces,iacēs
concupisti,concupīstī
regales,rēgālēs
opes,opēs
trivio,triviō
stercore,stercore
quamvis,quamvīs
sublimes,sublīmēs
docili,docilī
patet,patet
sollertiae,sollertiae
vulpinos,vulpīnōs
nidoque,nīdōque
pullis,pullīs
escam,ēscam
carperent,carperent
mater,māter
miserae,miserae
luctum,lūctum
importaret,importāret
contempsit,contempsit
quippe,quippe
ipso,ipsō
ardentem,ārdentem
facem,facem
flammis,flammīs
Flammis,Flammīs
arborem,arborem
hosti,hostī
Hosti,Hostī
dolorem,dolōrem
damno,damnō
miscens,miscēns
sanguinis,sanguinis
periclo,perīclō
eriperet,ēriperet
incolumes,incolumēs
supplex,supplex
vulpi,vulpī
tradidit,trādidit
inridens,inrīdēns
aprum,aprum
Aprum,Aprum
plerumque,plērumque
stulti,stultī
captant,captant
destringunt,dēstringunt
alios,aliōs
nocivum,nocīvum
concitant,concitant
periculum,perīculum
asellus,asellus
apro,aprō
Apro,Aprō
fuisset,fuisset
obvius,obvius
frater,frāter
indignans,indignāns
repudiat,repudiat
officium,officium
mentiri,mentīrī
velit,velit
demisso,dēmissō
similem,similem
simile,simile
rostro,rōstrō
tuo,tuō
generosum,generōsum
impetum,impetum
repressit,repressit
iram,īram
inquinari,inquinārī
nolo,nōlō
ignavo,ignāvō
sanguine,sanguine
metuentes,metuentēs
taurorum,taurōrum
Taurorum,Taurōrum
laborant,labōrant
ubi,ubi
potentes,potentēs
dissident,dissīdent
palude,palūde
pugnam,pugnam
intuens,intuēns
heu,heu
instat,īnstat
pernicies,perniciēs
diceret,dīceret
certarent,certārent
gregis,gregis
ipsis,ipsīs
degerent,dēgerent
boves,bovēs
statio,statiō
ac,ac
diversum,dīversum
expulsus,expulsus
regno,rēgnō
nemoris,nemoris
profugerit,profūgerit
veniet,veniet
latibula,latibula
proculcatas,prōculcātās
obteret,obteret
duro,dūrō
nostrum,nostrum
illorum,illōrum
pertinet,pertinet
milvus,mīlvus
columbae,columbae
committit,committit
homini,hominī
tutandum,tūtandum
improbo,improbō
requirit,requīrit
exitium,exitium
fugissent,fūgissent
miluum,mīluum
celeritate,celeritāte
pennae,pennae
vitassent,vītāssent
raptor,raptor
vertit,vertit
fallaciam,fallāciam
tali,tālī
decepit,dēcēpit
dolo,dolō
Dolo,Dolō
quare,quārē
sollicitum,sollicitum
aevum,aevum
ducitis,dūcitis
icto,ictō
tutas,tūtās
praestem,praestem
credentes,crēdentēs
tradunt,trādunt
miluo,mīluō
regnum,rēgnum
adeptus,adeptus
exercere,exercēre
imperium,imperium
unguibus,unguibus
reliquis,reliquīs
secundus,secundus
Secundus,Secundus
exemplis,exemplīs
continetur,continētur
aliud,aliud
quicquam,quicquam
fabellas,fābellās
quaeritur,quaeritur
corrigatur,corrigātur
error,error
mortalium,mortālium
acuatque,acuatque
diligens,dīligēns
fuerit,fuerit
narrandi,nārrandī
capiat,capiat
aurem,aurem
servet,servet
commendatur,commendātur
auctoris,auctōris
morem,mōrem
servabo,servābō
libuerit,libuerit
aliquid,aliquid
dictorum,dictōrum
delectet,dēlectet
varietas,varietās
bonas,bonās
partes,partēs
lector,lēctor
accipias,accipiās
velim,velim
rependet,rependet
brevitas,brevitās
gratiam,grātiam
Gratiam,Grātiam
cuius,cuius
sit,sit
commendatio,commendātiō
attende,attende
negare,negāre
cupidis,cupidīs
debeas,dēbeās
modestis,modestīs
offerre,offerre
petierint,petierint
iuvencus,iuvencus
Iuvencus,Iuvencus
praedator,praedātor
iuvencum,iuvencum
Iuvencum,Iuvencum
deiectum,dēiectum
partem,partem
postulans,postulāns
darem,darem
soleres,solērēs
improbum,improbum
reiecit,reiēcit
innoxius,innoxius
viator,viātor
feroque,ferōque
viso,vīsō
retro,retrō
pedem,pedem
placidus,placidus
timeas,timeās
debetur,dēbētur
pars,pars
tuae,tuae
modestiae,modestiae
audacter,audācter
tolle,tolle
diviso,dīvīsō
tergore,tergore
silvas,silvās
petivit,petīvit
accessum,accessum
daret,daret
egregium,ēgregium
prorsus,prōrsus
laudabile,laudābile
dives,dīves
pauper,pauper
pudor,pudor
iuvenem,iuvenem
item,item
utcumque,utcumque
spoliari,spoliārī
viros,virōs
ament,ament
amentur,amentur
nempe,nempe
discimus,discimus
aetatis,aetātis
mediae,mediae
quendam,quendam
annos,annōs
celans,cēlāns
animosque,animōsque
eiusdem,eiusdem
ceperat,cēperat
ambae,ambae
videri,vidērī
volunt,volunt
capillos,capillōs
invicem,invicem
putaret,putāret
fingi,fingī
mulierum,mulierum
calvus,calvus
Calvus,Calvus
nam,nam
funditus,funditus
canos,cānōs
nigros,nigrōs
evellerat,ēvellerat
successu,successū
improborum,improbōrum
laceratus,lacerātus
morsu,morsū
tinctum,tīnctum
cruore,cruōre
malefico,maleficō
audierat,audierat
remedium,remedium
vulneris,vulneris
pluribus,plūribus
canibus,canibus
Canibus,Canibus
vivos,vīvōs
devorent,dēvorent
scierint,scierint
tale,tāle
plures,plūrēs
allicit,allicit
feles,fēlēs
sublimi,sublīmī
quercu,quercū
nidum,nīdum
fecerat,fēcerat
cavernam,cavernam
pepererat,pepererat
sus,sūs
cultrix,cultrīx
imam,īmam
posuerat,posuerat
fortuitum,fortuitum
contubernium,contubernium
evertit,ēvertit
scandit,scandit
paratur,parātur
forsan,forsan
terram,terram
vides,vidēs
cotidie,cotīdiē
insidiosum,īnsidiōsum
quercum,quercum
nostram,nostram
plano,plānō
progeniem,prōgeniem
opprimat,opprimat
terrore,terrōre
offuso,offūsō
sensibus,sēnsibus
derepit,dērēpit
setosae,sētōsae
tui,tuī
pastum,pāstum
tenero,tenerō
grege,grege
porcellos,porcellōs
complevit,complēvit
tuto,tūtō
condidit,condidit
cavo,cavō
noctu,noctū
suspenso,suspēnsō
replevit,replēvit
prolem,prōlem
pavorem,pavōrem
prospicit,prōspicit
ruinam,ruīnam
metuens,metuēns
ramis,rāmīs
vitans,vītāns
prodit,prōdit
foras,forās
consumpti,cōnsūmptī
catulis,catulīs
Catulis,Catulīs
largam,largam
Largam,Largam
praebuerunt,praebuērunt
dapem,dapem
concinnet,concinnet
documentum,documentum
habere,habēre
credulitas,crēdulitās
Caesar,Caesar
atriensem,ātriēnsem
Romae,Rōmae
natio,nātiō
concursans,concursāns
gratis,grātīs
anhelans,anhēlāns
agendo,agendō
nihil,nihil
agens,agēns
emendare,ēmendāre
tamen,tamen
volo,volō
operae,operae
Tiberius,Tiberius
petens,petēns
Neapolim,Neāpolim
Misenensem,Mīsēnēnsem
villam,vīllam
venisset,vēnisset
monte,monte
summo,summō
Luculli,Lūcullī
manu,manū
prospectat,prōspectat
Siculum,Siculum
perspicit,perspicit
Tuscum,Tuscum
mare,mare
Mare,Mare
alticinctis,alticīnctīs
atriensibus,ātriēnsibus
linteo,linteō
Pelusio,Pēlūsiō
erat,erat
cirris,cirrīs
dependentibus,dēpendentibus
perambulante,perambulante
domino,dominō
viridia,viridia
alveolo,alveolō
ligneo,ligneō
humum,humum
aestuantem,aestuantem
iactitans,iactitāns
deridetur,dērīdētur
flexibus,flexibus
praecurrit,praecurrit
alium,alium
xystum,xystum
sedans,sēdāns
pulverem,pulverem
agnoscit,agnōscit
hominem,hominem
remque,remque
intellegit,intellegit
putavit,putāvit
nescio,nesciō
boni,bonī
dominus,dominus
enimvero,enimvērō
assilit,assilit
donationis,dōnātiōnis
alacer,alacer
certae,certae
gaudio,gaudiō
maiestas,maiestās
Maiestas,Maiestās
egisti,ēgistī
nequiquam,nēquīquam
multo,multō
maioris,maiōris
alapae,alapae
mecum,mēcum
veneunt,vēneunt
cornix,cornīx
munitus,mūnītus
accessit,accessit
maleficus,maleficus
quicquid,quicquid
oppugnant,oppugnant
ruit,ruit
testudinem,testūdinem
abdidisset,abdidisset
domo,domō
ullo,ūllō
auras,aurās
volans,volāns
opimam,opīmam
rapuisti,rapuistī
monstraro,mōnstrārō
faciendum,faciendum
lassabit,lassābit
pondere,pondere
suadet,suādet
scopulum,scopulum
altis,altīs
astris,astrīs
duram,dūram
illidat,illīdat
corticem,corticem
vescatur,vēscātur
monitis,monitīs
paruit,pāruit
magistrae,magistrae
divisit,dīvīsit
munere,mūnere
impar,impār
duabus,duābus
tristi,trīstī
muli,mūlī
duo,duo
vectores,vectōrēs
gravati,gravātī
sarcinis,sarcinīs
ibant,ībant
ferebat,ferēbat
fiscos,fiscōs
alter,alter
tumentes,tumentēs
saccos,saccōs
hordeo,hordeō
onere,onere
cervice,cervīce
eminens,ēminēns
collo,collō
tintinnabulum,tintinnābulum
quieto,quiētō
sequitur,sequitur
placido,placidō
gradu,gradū
latrones,latrōnēs
Latrones,Latrōnēs
insidiis,īnsidiīs
advolant,advolant
interque,interque
caedem,caedem
ferro,ferrō
mulum,mūlum
sauciant,sauciant
diripiunt,dīripiunt
nummos,nummōs
neglegunt,neglegunt
vile,vīle
hordeum,hordeum
spoliatus,spoliātus
fleret,flēret
contemptum,contemptum
gaudeo,gaudeō
amisi,āmīsī
laesus,laesus
vulnere,vulnere
argumento,argūmentō
hominum,hominum
tenuitas,tenuitās
magnae,magnae
obnoxiae,obnoxiae
nemorosis,nemorōsīs
excitatus,excitātus
latibulis,latibulīs
venatorum,vēnātōrum
effugeret,effugeret
caeco,caecō
Caeco,Caecō
petit,petit
opportuno,opportūnō
bovili,bovīlī
latenti,latentī
voluisti,voluistī
infelix,īnfēlīx
ultro,ultrō
hominumque,hominumque
tecto,tēctō
occasione,occāsiōne
erumpam,ērumpam
spatium,spatium
diei,diēī
excipiunt,excipiunt
vices,vicēs
frondem,frondem
bubulcus,bubulcus
Bubulcus,Bubulcus
affert,affert
ideo,ideō
videt,videt
eunt,eunt
subinde,subinde
redeunt,redeunt
rustici,rūsticī
animadvertit,animadvertit
transit,trānsit
vilicus,vīlicus
sentit,sentit
gaudens,gaudēns
ferus,ferus
bubus,būbus
gratias,grātiās
Gratias,Grātiās
hospitium,hospitium
adverso,adversō
praestiterint,praestiterint
tempore,tempore
salvum,salvum
cupimus,cupimus
quidem,quidem
oculos,oculōs
centum,centum
venerit,vēnerit
vertetur,vertētur
redit,redit
corruptos,corruptōs
nuper,nūper
accedit,accēdit
praesepe,praesēpe
stramenta,strāmenta
desunt,dēsunt
laboris,labōris
scrutatur,scrūtātur
cervi,cervī
conspicatur,cōnspicātur
praedamque,praedamque
significat,significat
dominum,dominum
plurimum,plūrimum
rebus,rēbus
ingenio,ingeniō
statuam,statuam
posuere,posuēre
servumque,servumque
collocarunt,collocārunt
basi,bāsī
scirent,scīrent
cuncti,cūnctī
viam,viam
generi,generī
tribui,tribuī
virtuti,virtūtī
occuparat,occupārat
studui,studuī
superfuit,superfuit
aemulatio,aemulātiō
labori,labōrī
faverit,fāverit
Latium,Latium
meo,meō
habebit,habēbit
opponat,oppōnat
Graeciae,Graeciae
livor,līvor
obtrectare,obtrectāre
curam,cūram
eripiet,ēripiet
conscientiam,cōnscientiam
studium,studium
aures,aurēs
tuas,tuās
fictas,fictās
animus,animus
fabulas,fābulās
omnem,omnem
querelam,querēlam
submovet,submovet
felicitas,fēlīcitās
sin,sīn
doctus,doctus
occurrit,occurrit
lucem,lūcem
extulit,extulit
possunt,possunt
meliores,meliōrēs
fatale,fātāle
durato,dūrātō
feram,feram
donec,dōnec
fortunam,fortūnam
Fortunam,Fortūnam
criminis,crīminis
pudeat,pudeat
tertius,tertius
Tertius,Tertius
Phaedrus,Phaedrus
Phaedri,Phaedrī
libellos,libellōs
desideras,dēsīderās
vaces,vacēs
oportet,oportet
negotiis,negōtiīs
sentiat,sentiat
vim,vim
carminis,carminis
inquis,inquis
tanti,tantī
momentum,mōmentum
horae,hōrae
pereat,pereat
officiis,officiīs
meis,meīs
manibus,manibus
tangi,tangī
tuis,tuīs
auribus,auribus
fortasse,fortasse
aliquae,aliquae
venient,venient
feriae,fēriae
soluto,solūtō
pectore,pectore
vocent,vocent
viles,vīlēs
nenias,nēniās
impendas,impendās
rei,reī
domesticae,domesticae
reddas,reddās
tempora,tempora
uxori,uxōrī
relaxes,relaxēs
otium,ōtium
des,dēs
corpori,corporī
assuetam,assuētam
fortius,fortius
vicem,vicem
mutandum,mūtandum
vitae,vītae
intrare,intrāre
Musarum,Mūsārum
limen,līmen
cogitas,cōgitās
Pierio,Pīeriō
iugo,iugō
tonanti,tonantī
Iovi,Iovī
novies,novies
artium,artium
peperit,peperit
chorum,chorum
Chorum,Chorum
paene,paene
sim,sim
curamque,cūramque
habendi,habendī
eraserim,ērāserim
laude,laude
incubuerim,incubuerim
coetum,coetum
recipior,recipior
credis,crēdis
magnas,magnās
exaggerare,exaggerāre
docto,doctō
dulce,dulce
praeponens,praepōnēns
quodcumque,quodcumque
sinon,sinōn
Sinon,Sinōn
Dardaniae,Dardaniae
perductus,perductus
librum,librum
exarabo,exarābō
tertium,tertium
Tertium,Tertium
stilo,stilō
Stilo,Stilō
honori,honōrī
Honori,Honōrī
meritis,meritīs
dedicans,dēdicāns
laetabor,laetābor
minus,minus
habebunt,habēbunt
oblectent,oblectent
posteri,posterī
fabularum,fābulārum
inventum,inventum
brevi,brevī
docebo,docēbō
volebat,volēbat
audebat,audēbat
proprios,propriōs
transtulit,trānstulit
calumniamque,calumniamque
iocis,iocīs
porro,porrō
feci,fēcī
cogitavi,cōgitāvī
plura,plūra
reliquerat,relīquerat
calamitatem,calamitātem
deligens,dēligēns
accusator,accūsātor
Seiano,Seiānō
denique,dēnique
dignum,dignum
faterer,fatērer
tantis,tantīs
his,hīs
delenirem,dēlēnīrem
remediis,remediīs
suspicione,suspīciōne
errabit,errābit
rapiet,rapiet
erit,erit
commune,commūne
omnium,omnium
nudabit,nūdābit
animi,animī
excusatum,excūsātum
nihilo,nihilō
neque,neque
enim,enim
notare,notāre
mens,mēns
ipsam,ipsam
professum,professum
fors,fors
aliquis,aliquis
gravem,gravem
Phryx,Phryx
aeternam,aeternam
suo,suō
litteratae,litterātae
propior,propior
somno,somnō
inerti,inertī
deseram,dēseram
patriae,patriae
decus,decus
gens,gēns
numeret,numeret
auctores,auctōrēs
Apollo,Apollō
saxa,saxa
Saxa,Saxa
cantu,cantū
movit,mōvit
domuit,domuit
Hebrique,Hebrīque
tenuit,tenuit
dulci,dulcī
hinc,hinc
abesto,abestō
gemas,gemās
induxi,indūxī
legendum,legendum
sincerum,sincērum
candore,candōre
iudicium,iūdicium
peto,petō
amphoram,amphoram
epotam,ēpōtam
adhuc,adhūc
faece,faece
nobili,nōbilī
odorem,odōrem
iucundum,iūcundum
spargeret,spargeret
traxit,trāxit
naribus,nāribus
quale,quāle
antehac,antehāc
fuisse,fuisse
tales,tālēs
sint,sint
reliquiae,reliquiae
pertineat,pertineat
noverit,nōverit
pastores,pāstōrēs
despectis,dēspectīs
referri,referrī
imprudens,imprūdēns
olim,ōlim
foveam,foveam
agrestes,agrestēs
alii,aliī
fustes,fustēs
congerunt,congerunt
onerant,onerant
saxis,saxīs
Saxis,Saxīs
miseriti,miseritī
periturae,peritūrae
laederet,laederet
sustineret,sustinēret
nox,nox
Nox,Nox
abeunt,abeunt
quasi,quasi
inventuri,inventūrī
mortuam,mortuam
postridie,postrīdiē
refecit,refēcit
languidas,languidās
saltu,saltū
liberat,līberat
properat,properat
diebus,diēbus
interpositis,interpositīs
provolat,prōvolat
trucidat,trucīdat
necat,necat
vastans,vastāns
saevit,saevit
irato,īrātō
timentes,timentēs
pepercerant,pepercerant
damnum,damnum
haud,haud
recusant,recūsant
rogant,rogant
memini,meminī
saxo,saxō
petierit,petierit
dederit,dederit
timere,timēre
absistite,absistite
revertor,revertor
laeserunt,laesērunt
rusticus,rūsticus
usu,ūsū
peritus,perītus
hariolo,hariolō
vel,vel
doctior,doctior
vulgo,vulgō
notescet,nōtēscet
habenti,habentī
cuidam,cuidam
pecora,pecora
pepererunt,peperērunt
oves,ovēs
humano,hūmānō
monstro,mōnstrō
consulendos,cōnsulendōs
currit,currit
hariolos,hariolōs
respondet,respondet
avertendum,āvertendum
affirmat,affirmat
coniugem,coniugem
adulteram,adulteram
insitivos,īnsitīvōs
significari,significārī
expiari,expiārī
variis,variīs
Variis,Variīs
sententiis,sententiīs
hominisque,hominisque
aggravant,aggravant
emunctae,ēmūnctae
verba,verba
procurare,prōcūrāre
ostentum,ostentum
uxores,uxōrēs
da,dā
pastoribus,pāstōribus
simium,sīmium
reliquas,reliquās
obsonia,obsōnia
saperet,saperet
iocans,iocāns
praestatur,praestātur
sapor,sapor
aestimo,aestimō
quando,quandō
formosos,fōrmōsōs
pessimos,pessimōs
facie,faciē
multos,multōs
cognovi,cognōvī
optimos,optimōs
Aesopo,Aesōpō
lapidem,lapidem
impegerat,impēgerat
tanto,tantō
melior,melior
assem,assem
prosecutus,prōsecūtus
habeo,habeō
unde,unde
accipere,accipere
possis,possīs
monstrabo,mōnstrābō
ecce,ecce
potens,potēns
similiter,similiter
impinge,impinge
accipies,accipiēs
persuasus,persuāsus
fuit,fuit
spes,spēs
fefellit,fefellit
impudentem,impudentem
audaciam,audāciam
comprensus,comprēnsus
persolvit,persolvit
cruce,cruce
mulam,mūlam
increpans,increpāns
citius,citius
Citius,Citius
progredi,prōgredī
vide,vidē
dolone,dolōne
Dolone,Dolōne
compungam,compungam
moveor,moveor
istum,istum
timeo,timeō
sedens,sedēns
iugum,iugum
flagello,flagellō
temperat,temperat
lento,lentō
Lento,Lentō
frenis,frēnīs
continet,continet
spumantibus,spūmantibus
quapropter,quāpropter
aufer,aufer
frivolam,frīvolam
insolentiam,īnsolentiam
tricandum,trīcandum
currendum,currendum
scio,sciō
derideri,dērīdērī
vanas,vānās
exercet,exercet
minas,minās
canem,canem
Canem,Canem
breviter,breviter
proloquar,prōloquar
perpasto,perpāstō
macie,maciē
occucurrit,occucurrit
salutati,salūtātī
restiterunt,restitērunt
nites,nitēs
aut,aut
fortior,fortior
pereo,pereō
simpliciter,simpliciter
condicio,condiciō
praestare,praestāre
custos,cūstōs
sis,sīs
liminis,līminis
furibus,fūribus
tuearis,tueāris
patior,patior
nives,nivēs
imbresque,imbrēsque
silvis,silvīs
asperam,asperam
quanto,quantō
sub,sub
otiosum,ōtiōsum
largo,largō
Largo,Largō
satiari,satiārī
procedunt,prōcēdunt
aspicit,aspicit
detritum,dētrītum
dic,dīc
sodes,sōdēs
alligant,alligant
interdiu,interdiū
quiescam,quiēscam
vigilem,vigilem
crepusculo,crepusculō
solutus,solūtus
visum,vīsum
affertur,affertur
iactat,iactat
fastidit,fastīdit
pulmentarium,pulmentārium
labore,labōre
venter,venter
impletur,implētur
meus,meus
age,age
regnare,rēgnāre
soror,soror
praecepto,praeceptō
considera,cōnsīderā
habebat,habēbat
filiam,fīliam
turpissimam,turpissimam
insignem,īnsignem
filium,fīlium
speculum,speculum
matris,mātris
positum,positum
pueriliter,puerīliter
ludentes,lūdentēs
inspexerunt,īnspexērunt
formosum,fōrmōsum
irascitur,īrāscitur
sustinet,sustinet
fratris,frātris
iocos,iocōs
accipiens,accipiēns
patrem,patrem
criminatur,crīminātur
feminarum,fēminārum
utrumque,utrumque
carpens,carpēns
dulcemque,dulcemque
ambos,ambōs
caritatem,cāritātem
partiens,partiēns
formam,fōrmam
corrumpas,corrumpās
nequitiae,nēquitiae
faciem,faciem
istam,istam
moribus,mōribus
vincas,vincās
Socrates,Sōcratēs
amicos,amīcōs
vulgare,vulgāre
parvas,parvās
aedes,aedēs
fundasset,fundāsset
fugio,fugiō
mortem,mortem
assequar,assequar
invidiae,invidiae
dummodo,dummodo
absolvar,absolvar
cinis,cinis
fieri,fierī
tam,tam
angustam,angustam
ponis,pōnis
utinam,utinam
impleam,impleam
periculosum,perīculōsum
utriusque,utriusque
exponam,expōnam
Hippolytus,Hippolytus
obiit,obiit
novercae,novercae
creditum,crēditum
Cassandrae,Cassandrae
ilium,īlium
Ilium,Īlium
iudicet,iūdicet
vetustate,vetustāte
elevem,ēlevem
narrabo,nārrābō
maritus,marītus
diligeret,dīligeret
togamque,togamque
puram,pūram
pararet,parāret
filio,fīliō
seductus,sēductus
secretum,sēcrētum
liberto,lībertō
sperante,spērante
heredem,hērēdem
suffici,sufficī
proximum,proximum
puero,puerō
mentitus,mentītus
flagitiis,flāgitiīs
castae,castae
mulieris,mulieris
adiecit,adiēcit
sentiebat,sentiēbat
doliturum,dolitūrum
amanti,amantī
ventitare,ventitāre
adulterum,adulterum
stuproque,stuprōque
pollui,polluī
incensus,incēnsus
uxoris,uxōris
simulavit,simulāvit
iter,iter
clamque,clamque
oppido,oppidō
subsedit,subsēdit
ianuam,iānuam
intravit,intrāvit
cubiculum,cubiculum
dormire,dormīre
natum,nātum
iusserat,iusserat
aetatem,aetātem
adultam,adultam
servans,servāns
diligentius,dīligentius
quaerunt,quaerunt
lumen,lūmen
concursant,concursant
irae,īrae
sustinens,sustinēns
vadit,vādit
temptat,temptat
tenebris,tenebrīs
tonsum,tōnsum
gladio,gladiō
pectus,pectus
transigit,trānsigit
respiciens,respiciēns
vindicet,vindicet
aspexit,aspexit
sanctamque,sānctamque
dormientem,dormientem
cubiculo,cubiculō
primo,prīmō
senserat,sēnserat
repraesentavit,repraesentāvit
poenam,poenam
Poenam,Poenam
facinoris,facinoris
incubuit,incubuit
strinxerat,strīnxerat
accusatores,accūsātōrēs
postularunt,postulārunt
mulierem,mulierem
Romamque,Rōmamque
pertraxerunt,pertrāxērunt
centumviros,centumvirōs
insontem,īnsontem
deprimit,dēprimit
possideat,possideat
stant,stant
patroni,patrōnī
Patroni,Patrōnī
fortiter,fortiter
tuentes,tuentēs
feminae,fēminae
divo,dīvō
augusto,augustō
Augusto,Augustō
iudices,iūdicēs
adiuvaret,adiuvāret
iuris,iūris
iurandi,iūrandī
implicuisset,implicuisset
tenebras,tenebrās
dispulit,dispulit
calumniae,calumniae
certumque,certumque
luat,luat
libertus,lībertus
orbam,orbam
privatam,prīvātam
miserandam,miserandam
damnandam,damnandam
existimo,exīstimō
perscrutatus,perscrūtātus
paterfamilias,paterfamiliās
mendacium,mendācium
subtiliter,subtīliter
limasset,līmāsset
radicibus,rādīcibus
evertisset,ēvertisset
funesto,fūnestō
spernat,spernat
credat,crēdat
statim,statim
quandoquidem,quandōquidem
peccant,peccant
impugnantur,impugnantur
fraudibus,fraudibus
admonere,admonēre
simplices,simplicēs
opinione,opīniōne
alterius,alterīus
ponderent,ponderent
ambitio,ambitiō
dissidens,dissīdēns
gratiae,grātiae
Gratiae,Grātiae
subscribit,subscrībit
notus,nōtus
exsecutus,exsecūtus
propterea,proptereā
brevitate,brevitāte
quosdam,quōsdam
offendimus,offendimus
eunuchus,eunūchus
litigabat,lītigābat
quodam,quōdam
iurgium,iūrgium
insectatus,īnsectātus
amissi,āmissī
en,ēn
laborem,labōrem
integritatis,integritātis
testes,testēs
fortunae,fortūnae
Fortunae,Fortūnae
delictum,dēlictum
arguis,arguis
turpe,turpe
meruit,meruit
pullus,pullus
margaritam,margarītam
sterquilino,sterquilīnō
gallinaceus,gallīnāceus
indigno,indignō
pretii,pretiī
cupidus,cupidus
vidisset,vīdisset
redisses,redīssēs
splendorem,splendōrem
potior,potior
cibus,cibus
prodesse,prōdesse
narro,nārrō
intellegunt,intellegunt
fuci,fūcī
fecerant,fēcerant
favos,favōs
dicebant,dīcēbant
lis,līs
forum,forum
nosset,nōsset
legem,lēgem
proposuit,prōposuit
inconveniens,inconveniēns
dubium,dubium
religio,religiō
peccet,peccet
alvos,alvōs
accipite,accipite
ceris,cērīs
opus,opus
infundite,īnfundite
agitur,agitur
horum,hōrum
Horum,Hōrum
appareat,appāreat
apibus,apibus
protulit,prōtulit
apertum,apertum
possit,possit
fecerit,fēcerit
fructum,frūctum
restituo,restituō
praeterissem,praeterīssem
fabulam,fābulam
silentio,silentiō
recusassent,recūsāssent
lusu,lūsū
severitate,sevēritāte
puerorum,puerōrum
ludentem,lūdentem
Atticus,Atticus
Aesopum,Aesōpum
nucibus,nucibus
delirum,dēlīrum
sensit,sēnsit
derisor,dērīsor
deridendus,dērīdendus
arcum,arcum
retensum,retēnsum
sapiens,sapiēns
expedi,expedī
fecerim,fēcerim
concurrit,concurrit
diu,diū
quaestionis,quaestiōnis
positae,positae
succumbit,succumbit
victor,victor
Victor,Victor
rumpes,rumpēs
tensum,tēnsum
voles,volēs
aliquando,aliquandō
dari,darī
cogitandum,cōgitandum
redeat,redeat
agnum,agnum
capellas,capellās
Capellas,Capellās
agno,agnō
balanti,bālantī
erras,errās
ovesque,ovēsque
segregatas,sēgregātās
ostendit,ostendit
procul,procul
quaero,quaerō
libitum,libitum
concipit,concipit
portat,portat
ignotum,ignōtum
certis,certīs
prolapsam,prōlāpsam
effundit,effundit
sarcinam,sarcinam
nutrit,nūtrit
admoto,admōtō
ubere,ūbere
fraudatque,fraudatque
desit,dēsit
scivit,scīvit
niger,niger
albus,albus
nascerer,nāscerer
voluisset,voluisset
feminam,fēminam
profecisset,prōfēcisset
crearer,creārer
masculus,masculus
magnum,magnum
Magnum,Magnum
natali,nātālī
Natali,Nātālī
exspectarem,exspectārem
horas,hōrās
potestas,potestās
gignendo,gignendō
sponte,sponte
praestat,praestat
benevolentiam,benevolentiam
facit,facit
bonitas,bonitās
necessitas,necessitās
demonstrare,dēmōnstrāre
humanitati,hūmānitātī
accommodat,accommodat
oppetit,oppetit
superbiae,superbiae
acerbum,acerbum
noctuae,noctuae
Noctuae,Noctuae
convicium,convīcium
faciebat,faciēbat
solitae,solitae
cavoque,cavōque
ramo,rāmō
capere,capere
somnum,somnum
taceret,tacēret
clamare,clāmāre
occepit,occēpit
prece,prece
nullum,nūllum
auxilium,auxilium
contemni,contemnī
garrulam,garrulam
sinunt,sinunt
sonare,sonāre
citharam,citharam
Apollinis,Apollinis
potare,pōtāre
nectar,nectar
donavit,dōnāvit
fastidis,fastīdīs
bibamus,bibāmus
arebat,ārēbat
cognovit,cognōvit
advolavit,advolāvit
trepidantem,trepidantem
negarat,negārat
vellent,vellent
divi,dīvī
legerunt,lēgērunt
myrtus,myrtus
Veneri,Venerī
placuit,placuit
Phoebo,Phoebō
Cybebae,Cybēbae
Herculi,Herculī
admirans,admīrāns
steriles,sterilēs
sumerent,sūmerent
fructu,frūctū
videamur,videāmur
narrabit,nārrābit
gratior,grātior
genitor,genitor
sator,sator
omnibus,omnibus
utile,ūtile
facimus,facimus
prosit,prōsit
Iunonem,Iūnōnem
luscinii,lusciniī
tribuerit,tribuerit
cunctis,cūnctīs
avibus,avibus
admirabilem,admīrābilem
miserit,mīserit
consolandi,cōnsōlandī
magnitudine,magnitūdine
smaragdi,smaragdī
praefulget,praefulget
pictisque,pictīsque
Pictisque,Pictīsque
plumis,plūmīs
gemmeam,gemmeam
caudam,caudam
explicas,explicās
mi,mī
mutam,mūtam
Mutam,Mūtam
speciem,speciem
vincor,vincor
fatorum,fātōrum
Fatorum,Fātōrum
arbitrio,arbitriō
vobis,vōbīs
datae,datae
aquilae,aquilae
Aquilae,Aquilae
luscinio,lusciniō
augurium,augurium
corvo,corvō
cornici,cornīcī
omina,ōmina
omnesque,omnēsque
propriis,propriīs
contentae,contentae
dotibus,dōtibus
affectare,affectāre
datum,datum
garrulo,garrulō
parare,parāre
maturius,mātūrius
ignem,ignem
quaerens,quaerēns
aliquot,aliquot
tandemque,tandemque
lucernam,lucernam
accenderet,accenderet
circumeunti,circumeuntī
longius,longius
effecit,effēcit
brevius,brevius
garrulus,garrulus
Aesope,Aesōpe
lumine,lūmine
abiit,abiit
festinans,festīnāns
molestus,molestus
occupato,occupātō
alluserit,allūserit
supersunt,supersunt
scribam,scrībam
parco,parcō
sciens,sciēns
videar,videar
molestior,molestior
distringit,distringit
multarum,multārum
rerum,rērum
conari,cōnārī
residui,residuī
materiae,māteriae
abundet,abundet
faber,faber
fabro,fabrō
brevitati,brevitātī
nostrae,nostrae
pollicitus,pollicitus
exhibe,exhibē
morti,mortī
perveniet,perveniet
muneris,mūneris
consumet,cōnsūmet
temporis,temporis
dilatio,dīlātiō
perages,peragēs
fiet,fīet
longior,longior
fruar,fruar
celerius,celerius
coepero,coeperō
aevi,aevī
auxilio,auxiliō
locus,locus
debilem,dēbilem
adiuvare,adiuvāre
desierit,dēsierit
mors,mors
flagitabit,flāgitābit
debitum,dēbitum
Debitum,Dēbitum
reus,reus
innocenti,innocentī
iustius,iūstius
fuerunt,fuērunt
aliorum,aliōrum
gyro,gȳrō
decerne,dēcerne
patitur,patitur
graviter,graviter
tutare,tūtāre
iudicio,iūdiciō
excedit,excēdit
terminum,terminum
difficulter,difficulter
sincerae,sincērae
conscius,cōnscius
noxiorum,noxiōrum
premitur,premitur
insolentiis,īnsolentiīs
requires,requīrēs
apparebunt,appārēbunt
puer,puer
muttire,muttīre
plebeio,plēbēiō
piaculum,piāculum
sanitas,sānitās
constabit,cōnstābit
meminero,meminerō
quartus,quārtus
destinassem,dēstināssem
tacito,tacitō
Tacito,Tacitō
damnavi,damnāvī
tituli,titulī
appetens,appetēns
divinabit,dīvīnābit
omiserim,omīserim
cupiat,cupiat
famae,fāmae
cuique,cuique
cogitatio,cōgitātiō
proprius,proprius
ratio,ratiō
scribendi,scrībendī
particulo,particulō
caperis,caperis
Aesopias,Aesōpīās
nomino,nōminō
paucas,paucās
fero,ferō
vetusto,vetustō
genere,genere
novis,novīs
quartum,quārtum
libellum,libellum
vacarit,vacārit
perleges,perlegēs
volet,volet
malignitas,malignitās
obtrectet,obtrectet
licet,licet
laus,laus
similes,similēs
vestras,vestrās
chartas,chartās
transfertis,trānsfertis
dignumque,dignumque
illitteratum,illitterātum
plausum,plausum
desidero,dēsīderō
galli,gallī
Galli,Gallī
obitum,obitum
persequitur,persequitur
fati,fātī
Cybebes,Cybēbēs
circum,circum
solebant,solēbant
baiulantem,baiulantem
sarcinas,sarcinās
mortuus,mortuus
pelle,pelle
fecerunt,fēcērunt
tympana,tympana
rogati,rogātī
delicio,dēliciō
fecissent,fēcissent
locuti,locūtī
putabat,putābat
securum,sēcūrum
fore,fore
aliae,aliae
Aliae,Aliae
congeruntur,congeruntur
mortuo,mortuō
ioculare,ioculāre
habemus,habēmus
calamo,calamō
ludimus,lūdimus
diligenter,dīligenter
has,hās
quantam,quantam
titulis,titulīs
utilitatem,ūtilitātem
reperies,reperiēs
videntur,videntur
decipit,dēcipit
frons,frōns
interiore,interiōre
angulo,angulō
mercede,mercēde
existimer,exīstimer
adiciam,adiciam
mures,mūrēs
veloces,vēlōcēs
valeret,valēret
assequi,assequī
involvit,involvit
obscuro,obscūrō
abiecit,abiēcit
neglegenter,neglegenter
mus,mūs
assiluit,assiluit
occubuit,occubuit
neci,necī
saeculis,saeculīs
retorridus,retorridus
laqueos,laqueōs
effugerat,effūgerat
proculque,proculque
cernens,cernēns
callidi,callidī
valeas,valeās
vulpe,vulpe
uvam,ūvam
appetebat,appetēbat
summis,summīs
saliens,saliēns
discedens,discēdēns
nondum,nōndum
acerbam,acerbam
elevant,ēlevant
debebunt,dēbēbunt
equus,equus
sedare,sēdāre
solitus,solitus
sitim,sitim
volutat,volūtat
turbavit,turbāvit
vadum,vadum
Vadum,Vadum
sonipes,sonipēs
iratus,īrātus
petiit,petiit
dorso,dorsō
Dorso,Dorsō
rediit,rediit
hostem,hostem
iactis,iactīs
Iactis,Iactīs
eques,eques
interfecit,interfēcit
traditur,trāditur
laetor,laetor
tulisse,tulisse
precibus,precibus
cepi,cēpī
didici,didicī
coegit,coēgit
frenos,frēnōs
invitum,invītum
maestus,maestus
parvae,parvae
vindictam,vindictam
demens,dēmēns
repperi,repperī
iracundos,īrācundōs
admonebit,admonēbit
alteri,alterī
uno,ūnō
narratione,nārrātiōne
posteris,posterīs
tradam,trādam
decedens,dēcēdēns
tres,trēs
reliquit,relīquit
filias,fīliās
unam,ūnam
formosam,fōrmōsam
oculis,oculīs
venantem,vēnantem
lanificam,lānificam
frugi,frūgī
Frugi,Frūgī
rusticam,rūsticam
devotam,dēvōtam
vino,vīnō
tertiam,tertiam
Tertiam,Tertiam
harum,hārum
matrem,mātrem
condicione,condiciōne
aequaliter,aequāliter
distribuat,distribuat
ni,nī
possideant,possideant
fruantur,fruantur
desierint,dēsierint
acceperint,accēperint
matri,mātrī
conferant,cōnferant
Athenas,Athēnās
rumor,rūmor
implet,implet
peritos,perītōs
consulit,cōnsulit
expedit,expedit
fructumve,frūctumve
capiant,capiant
tulerint,tulerint
quanam,quānam
ratione,ratiōne
pecuniam,pecūniam
longi,longī
testamenti,testāmentī
colligi,colligī
advocavit,advocāvit
neglecto,neglēctō
seponit,sēpōnit
moechae,moechae
vestem,vestem
mundum,mundum
muliebrem,muliebrem
lavationem,lavātiōnem
argenteam,argenteam
Argenteam,Argenteam
eunuchos,eunūchōs
glabros,glabrōs
lanificae,lānificae
agellos,agellōs
operarios,operāriōs
iumenta,iūmenta
instrumentum,īnstrūmentum
rusticum,rūsticum
potrici,pōtrīcī
antiquis,antīquīs
apothecam,apothēcam
politam,polītam
Politam,Polītam
delicatos,dēlicātōs
hortulos,hortulōs
singulis,singulīs
approbaret,approbāret
illas,illās
noverat,nōverat
constitit,cōnstitit
maneret,manēret
patri,patrī
voluntatem,voluntātem
interpretari,interpretārī
potuissent,potuissent
errorem,errōrem
ornamenta,ōrnāmenta
venustis,venustīs
hortulis,hortulīs
vina,vīna
rusticae,rūsticae
uniones,ūniōnēs
pedisequos,pedisequōs
luxu,luxū
trahit,trahit
agros,agrōs
poterit,poterit
perpeti,perpetī
teneat,teneat
cultum,cultum
vendet,vēndet
vinum,vīnum
abiciet,abiciet
ornatum,ōrnātum
gerat,gerat
pecore,pecore
lanae,lānae
quacumque,quācumque
tradet,trādet
luxuriae,luxuriae
possidebit,possidēbit
dictam,dictam
Dictam,Dictam
conferent,cōnferent
vendiderint,vēndiderint
singulae,singulae
multorum,multōrum
imprudentiam,imprūdentiam
unius,ūnīus
murium,mūrium
mustelarum,mustēlārum
tabernis,tabernīs
pingitur,pingitur
fugerent,fugerent
artos,artōs
trepidarent,trepidārent
cavos,cavōs
recepti,receptī
evaserunt,ēvāsērunt
eorum,eōrum
capitibus,capitibus
ligarant,ligārant
conspicuum,cōnspicuum
proelio,proeliō
haberent,habērent
signum,signum
sequerentur,sequerentur
milites,mīlitēs
haesere,haesēre
portis,portīs
suntque,suntque
capti,captī
hostibus,hostibus
immolatos,immolātōs
alvi,alvī
mersit,mersit
specu,specū
quemcumque,quemcumque
premit,premit
periclitatur,perīclitātur
magnitudo,magnitūdō
principum,prīncipum
plebes,plēbēs
facili,facilī
praesidio,praesidiō
latet,latet
destringis,dēstringis
sustine,sustinē
severitatem,sevēritātem
placo,plācō
cothurnis,cothurnīs
umquam,umquam
Pelii,Pēliī
bipenni,bipennī
professae,professae
audacem,audācem
fabricasset,fabricāsset
opere,opere
Palladio,Palladiō
ratem,ratem
ponti,pontī
Ponti,Pontī
patefecit,patefēcit
Graium,Grāium
superbi,superbī
Superbi,Superbī
luget,lūget
Aeetae,Aeētae
Medeae,Mēdēae
iacent,iacent
saevum,saevum
involvens,involvēns
modis,modīs
explicuit,explicuit
fugam,fugam
patris,patris
Peliadum,Pēliadum
infecit,īnfēcit
insulsum,īnsulsum
falsoque,falsōque
vetustior,vetustior
Minos,Mīnōs
classe,classe
perdomuit,perdomuit
iustoque,iūstōque
exemplo,exemplō
cato,catō
Cato,Catō
fabellae,fābellae
iuvant,iuvant
fabulae,fābulae
litteris,litterīs
Litteris,Litterīs
maiorem,maiōrem
exhibeant,exhibeant
molestiam,molestiam
nauseant,nauseant
sapere,sapere
caelum,caelum
vituperant,vituperant
serpens,serpēns
fabrum,fabrum
ferrarium,ferrārium
mordaciorem,mordāciōrem
appetit,appetit
describi,dēscrībī
officinam,officīnam
fabri,fabrī
temptaret,temptāret
limam,līmam
momordit,momordit
contumax,contumāx
captas,captās
Captas,Captās
omne,omne
assuevi,assuēvī
ferrum,ferrum
caper,caper
periclum,perīclum
callidus,callidus
reperire,reperīre
effugium,effugium
puteum,puteum
altiore,altiōre
margine,margine
hircus,hircus
sitiens,sitiēns
rogavit,rogāvit
copiosus,cōpiōsus
fraudem,fraudem
moliens,mōliēns
descende,dēscende
aquae,aquae
voluptas,voluptās
immisit,immīsit
barbatus,barbātus
evasit,ēvāsit
celsis,celsīs
Celsis,Celsīs
hircumque,hircumque
clauso,clausō
Clauso,Clausō
liquit,līquit
haerentem,haerentem
vitiis,vitiīs
peras,pērās
imposuit,imposuit
duas,duās
repletam,replētam
tergum,tergum
suspendit,suspendit
possumus,possumus
delinquunt,dēlinquunt
censores,cēnsōrēs
sumus,sumus
accendit,accendit
Iovis,Iovis
ipsumque,ipsumque
compilavit,compīlāvit
onustus,onustus
sacrilegio,sacrilegiō
discederet,discēderet
mihique,mihique
offendar,offendar
surripi,surripī
spiritu,spīritū
Spiritu,Spīritū
culpam,culpam
lues,luēs
ascriptus,ascrīptus
poenae,poenae
Poenae,Poenae
noster,noster
facinori,facinorī
praeluceat,praelūceat
verendos,verendōs
excolit,excolit
pietas,pietās
Pietas,Pietās
veto,vetō
luminis,lūminis
commercium,commercium
hodie,hodiē
deum,deum
fas,fās
accendi,accendī
sacrum,sacrum
quot,quot
contineat,contineat
argumentum,argūmentum
utiles,ūtilēs
explicabit,explicābit
contrarios,contrāriōs
secundum,secundum
Secundum,Secundum
dicto,dictō
puniri,pūnīrī
interdicit,interdīcit
usum,ūsum
bonus,bonus
consociet,cōnsociet
divitias,dīvitiās
invisae,invīsae
forti,fortī
veram,vēram
laudem,laudem
intercipit,intercipit
caelo,caelō
virtutem,virtūtem
hercules,herculēs
Hercules,Herculēs
gratulantes,grātulantēs
persalutasset,persalūtāsset
veniente,veniente
Pluto,Plūtō
filius,fīlius
avertit,āvertit
amicus,amīcus
simulque,simulque
corrumpit,corrumpit
lucro,lucrō
regnante,rēgnante
utilius,ūtilius
agi,agī
sinceritas,sincēritās
ferarum,ferārum
aequitatis,aequitātis
consequi,cōnsequī
deflexit,dēflexit
consuetudine,cōnsuētūdine
tenui,tenuī
reddebat,reddēbat
Prometheus,Promēthēus
fictione,fictiōne
veretri,verētrī
affinitatem,affīnitātem
inde,inde
obscenitas,obscēnitās
tribadas,tribadas
molles,mollēs
mares,marēs
procreasset,prōcreāsset
exposuit,exposuit
offendit,offendit
frangitur,frangitur
veste,veste
celat,cēlat
separatim,sēparātim
finxisset,fīnxisset
aptare,aptāre
corporibus,corporibus
irrigatus,irrigātus
venas,vēnās
reversus,reversus
titubanti,titubantī
semisomno,sēmisomnō
errore,errōre
ebrio,ēbriō
applicuit,applicuit
virginale,virgināle
masculo,masculō
libido,libīdō
pravo,prāvō
fruitur,fruitur
capris,caprīs
barbatis,barbātīs
barbam,barbam
Barbam,Barbam
capellae,capellae
Capellae,Capellae
impetrassent,impetrāssent
hirci,hircī
maerentes,maerentēs
indignari,indignārī
coeperunt,coepērunt
aequassent,aequāssent
sinite,sinite
frui,fruī
usurpare,ūsūrpāre
vestri,vestrī
vestrae,vestrae
fortitudinis,fortitūdinis
sustineas,sustineās
impares,imparēs
fortunis,fortūnīs
Fortunis,Fortūnīs
quereretur,quererētur
finxit,fīnxit
tempestatibus,tempestātibus
vectorum,vectōrum
lacrimas,lacrimās
metum,metum
serenam,serēnam
Serenam,Serēnam
mutatur,mūtātur
secundis,secundīs
Secundis,Secundīs
flatibus,flātibus
nautas,nautās
hilaritate,hilaritāte
periclis,perīclīs
gubernator,gubernātor
gaudere,gaudēre
sensim,sēnsim
miscet,miscet
dolor,dolor
gaudium,gaudium
legati,lēgātī
legatos,lēgātōs
melioris,meliōris
oratum,ōrātum
suae,suae
Suae,Suae
contumeliis,contumēliīs
furfuribus,furfuribus
consparsum,cōnsparsum
darent,darent
fimoque,fimōque
maximam,maximam
explerent,explērent
famem,famem
celeri,celerī
Celeri,Celerī
scrutantur,scrūtantur
citati,citātī
respondent,respondent
vix,vix
Mercurius,Mercurius
turbatos,turbātōs
attrahit,attrahit
vultum,vultum
magni,magnī
Magni,Magnī
concacarunt,concacārunt
regiam,rēgiam
propulsi,prōpulsī
fustibus,fustibus
vadunt,vādunt
vetat,vetat
dimitti,dīmittī
magnus,magnus
Magnus,Magnus
mirati,mīrātī
revertier,revertier
aestimantes,aestimantēs
commissum,commissum
aliquod,aliquod
ascribi,ascrībī
iubent,iubent
superiores,superiōrēs
replent,replent
dantur,dantur
dimittuntur,dīmittuntur
adeunt,adeunt
aditum,aditum
impetrant,impetrant
consedit,cōnsēdit
maximus,maximus
quassatque,quassatque
fulmen,fulmen
omnia,omnia
confusus,cōnfūsus
fragor,fragor
mixtum,mixtum
merdis,merdīs
cacant,cacant
reclamant,reclāmant
vindicandam,vindicandam
difficile,difficile
feretis,ferētis
cruciari,cruciārī
ventrem,ventrem
continere,continēre
possint,possint
miserunt,mīsērunt
futtiles,futtilēs
carebunt,carēbunt
exspectant,exspectant
novum,novum
venire,venīre
culum,cūlum
olfacit,olfacit
fert,fert
dolet,dolet
gelu,gelū
rigentem,rigentem
colubram,colubram
sinuque,sinūque
fovit,fōvit
misericors,misericors
necuit,necuit
protinus,prōtinus
rogaret,rogāret
discat,discat
draco,dracō
Draco,Dracō
fodiens,fodiēns
eruit,ēruit
agitque,agitque
altius,altius
cuniculos,cunīculōs
draconis,dracōnis
Draconis,Dracōnis
speluncam,spēluncam
ultimam,ultimam
custodiebat,cūstōdiēbat
thesauros,thēsaurōs
abditos,abditōs
oro,ōrō
imprudentiae,imprūdentiae
respondeas,respondeās
clementer,clēmenter
quodve,quodve
careas,careās
exigas,exigās
attributum,attribūtum
sumis,sūmis
ulli,ūllī
donas,dōnās
irascaris,īrāscāris
dixero,dīxerō
dis,dīs
Dis,Dīs
iratis,īrātīs
abiturus,abitūrus
illuc,illūc
priores,priōrēs
abierunt,abiērunt
mente,mente
miserum,miserum
torques,torquēs
heredis,hērēdis
ture,tūre
superos,superōs
audis,audīs
musicum,mūsicum
citharae,citharae
tibiarum,tībiārum
macerat,mācerat
iucunditas,iūcunditās
obsoniorum,obsōniōrum
gemitum,gemitum
exprimunt,exprimunt
quadrantes,quadrantēs
aggeras,aggerās
patrimonio,patrimōniō
fatigas,fatīgās
sordido,sordidō
periurio,periūriō
circumcidis,circumcīdis
impensam,impēnsam
funeri,fūnerī
faciat,faciat
lucri,lucrī
iudicare,iūdicāre
cogitet,cōgitet
dissimulet,dissimulet
putabit,putābit
arriserit,arrīserit
contendet,contendet
fictum,fictum
quovis,quōvīs
pignore,pignore
refelli,refellī
responso,respōnsō
sive,sīve
ineptum,ineptum
laudandum,laudandum
perfecit,perfēcit
exsequamur,exsequāmur
coepti,coeptī
ordinem,ōrdinem
Simonide,Simōnide
Simonides,Simōnidēs
scripsit,scrīpsit
paupertatem,paupertātem
ire,īre
Ire,Īre
urbes,urbēs
asiae,asiae
Asiae,Asiae
nobiles,nōbilēs
locuples,locuplēs
patriam,patriam
pelagio,pelagiō
Pelagio,Pelagiō
aiunt,aiunt
ascendit,ascendit
navem,nāvem
tempestas,tempestās
vetustas,vetustās
dissolvit,dissolvit
mari,marī
Mari,Marī
zonas,zōnās
Zonas,Zōnās
pretiosas,pretiōsās
colligunt,colligunt
subsidium,subsidium
curiosior,cūriōsior
opibus,opibus
pauci,paucī
enatant,ēnatant
degravati,dēgravātī
perierant,perierant
praedones,praedōnēs
adsunt,adsunt
rapiunt,rapiunt
nudos,nūdōs
relinquunt,relinquunt
Clazomenae,Clāzomenae
prope,prope
urbs,urbs
naufragi,naufragī
litterarum,litterārum
Litterarum,Litterārum
studio,studiō
deditus,dēditus
legerat,lēgerat
eratque,eratque
admirator,admīrātor
sermone,sermōne
cognitum,cognitum
recepit,recēpit
nummis,nummīs
ceteri,cēterī
tabulam,tabulam
portant,portant
obvios,obviōs
dixi,dīxī
rapuistis,rapuistis
mons,mōns
parturibat,parturībat
terris,terrīs
exspectatio,exspectātiō
murem,mūrem
scriptum,scrīptum
extricas,extrīcās
contendebant,contendēbant
acriter,ācriter
conferre,cōnferre
laudibus,laudibus
templa,templa
perlustro,perlūstrō
immolatur,immolātur
praegusto,praegustō
sedeo,sedeō
matronarum,mātrōnārum
delibo,dēlībō
laboro,labōrō
optimis,optimīs
fruor,fruor
contingit,contingit
gloriosus,glōriōsus
invitatur,invītātur
invisus,invīsus
frequentas,frequentās
quom,quom
commemoras,commemorās
iactas,iactās
habes,habēs
granum,grānum
hiemem,hiemem
congero,congerō
circa,circā
Circa,Circā
murum,mūrum
pasci,pāscī
video,videō
aestate,aestāte
lacessis,lacessis
siles,silēs
Siles,Silēs
contractam,contractam
cogunt,cōgunt
recipit,recipit
incolumem,incolumem
rettudi,rettudī
superbiam,superbiam
discernit,discernit
falsis,falsīs
ornant,ōrnant
virtus,virtūs
exhibet,exhibet
solidum,solidum
valerent,valērent
litterae,litterae
Litterae,Litterae
superius,superius
quantus,quantus
honos,honōs
tributus,tribūtus
memoriae,memoriae
rettuli,rettulī
victori,victōrī
Victori,Victōrī
pyctae,pyctae
scriberet,scrīberet
certo,certō
conduxit,condūxit
frenaret,frēnāret
interposuit,interposuit
ledae,lēdae
Ledae,Lēdae
auctoritatem,auctōritātem
referens,referēns
gloriae,glōriae
approbavit,approbāvit
mercedis,mercēdis
accepit,accēpit
reliquum,reliquum
posceret,posceret
reddent,reddent
duae,duae
dimissum,dīmissum
sentiant,sentiant
promitte,prōmitte
cognatos,cognātōs
invitare,invītāre
numero,numerō
fraudatus,fraudātus
dolens,dolēns
dimissam,dīmissam
corrumperet,corrumperet
promisit,prōmīsit
recubuit,recubuit
splendebat,splendēbat
poculis,pōculīs
convivium,convīvium
apparatu,apparātū
resonabat,resonābat
iuvenes,iuvenēs
sparsi,sparsī
pulvere,pulvere
sudore,sūdōre
diffluentes,diffluentēs
humanam,hūmānam
supra,suprā
servulo,servulō
mandant,mandant
provocet,prōvocet
Simonidem,Simōnidem
perturbatus,perturbātus
excitat,excitat
triclinio,trīclīniō
camerae,camerae
oppressit,oppressit
ceteros,cēterōs
reperti,repertī
ordo,ōrdō
narratae,nārrātae
scierunt,sciērunt
numinum,nūminum
praesentiam,praesentiam
dedisse,dedisse
possim,possim
abundat,abundat
temperatae,temperātae
suaves,suāvēs
argutiae,argūtiae
immodicae,immodicae
offendunt,offendunt
chartis,chartīs
Latinis,Latīnīs
manebit,manēbit
brevitatem,brevitātem
commendari,commendārī
poetae,poētae
molesti,molestī
quintus,quīntus
Quintus,Quīntus
sicubi,sīcubi
interposuero,interposuerō
reddidi,reddidī
pridem,prīdem
debui,dēbuī
auctoritatis,auctōritātis
scito,scītō
artifices,artificēs
faciunt,faciunt
saeculo,saeculō
operibus,operibus
inveniunt,inveniunt
marmori,marmorī
ascripserunt,ascrīpsērunt
Praxitelen,Praxitelen
trito,trītō
Myronem,Myrōnem
argento,argentō
tabulae,tabulae
Zeuxidem,Zeuxidem
fucatae,fūcātae
vetustati,vetustātī
favet,favet
mordax,mordāx
praesentibus,praesentibus
exempli,exemplī
feror,feror
Demetrius,Dēmētrius
Menander,Menander
quomodo,quōmodo
fallatur,fallātur
dictus,dictus
Phalereus,Phalēreus
occupavit,occupāvit
imperio,imperiō
mos,mōs
passim,passim
"""",""""
feliciter,fēlīciter
succlamans,succlāmāns
ipsi,ipsī
principes,prīncipēs
osculantur,ōsculantur
oppressi,oppressī
gementes,gementēs
quin,quīn
sequentes,sequentēs
defuisse,dēfuisse
noceat,noceat
repunt,rēpunt
ultimi,ultimī
comoediis,cōmoediīs
ignorans,ignōrāns
admiratus,admīrātus
unguento,unguentō
delibutus,dēlibūtus
vestitu,vestītū
fluens,fluēns
veniebat,veniēbat
gressu,gressū
delicato,dēlicātō
languido,languidō
extremo,extrēmō
agmine,agmine
quisnam,quisnam
cinaedus,cinaedus
conspectum,cōnspectum
audet,audet
responderunt,respondērunt
proximi,proximī
scriptor,scrīptor
formosior,fōrmōsior
viatores,viātōrēs
latronem,latrōnem
Latronem,Latrōnem
latrone,latrōne
Latrone,Latrōne
exciso,excīsō
accurrit,accurrit
stringitque,stringitque
gladium,gladium
curabo,cūrābō
attentarit,attentārit
depugnaverat,dēpugnāverat
vellem,vellem
istis,istīs
saltem,saltem
adiuvisses,adiūvissēs
constantior,cōnstantior
fuissem,fuissem
existimans,exīstimāns
conde,conde
pariter,pariter
futtilem,futtilem
ignorantes,ignōrantēs
quantis,quantīs
fugias,fugiās
credendum,crēdendum
assignari,assignārī
fugax,fugāx
calvi,calvī
Calvi,Calvī
nudatum,nūdātum
captans,captāns
alapam,alapam
duxit,dūxit
irridens,irrīdēns
punctum,pūnctum
parvulae,parvulae
morte,morte
ulcisci,ulcīscī
facies,faciēs
redeo,redeō
mentem,mentem
laedendi,laedendī
contempti,contemptī
animal,animal
humanum,hūmānum
sanguinem,sanguinem
optem,optem
necare,necāre
incommodo,incommodō
docet,docet
nocens,nocēns
iudico,iūdicō
porcellus,porcellus
immolasset,immolāsset
verrem,verrem
Verrem,Verrem
sancto,sānctō
salute,salūte
votum,vōtum
reliquias,reliquiās
poni,pōnī
aspernatus,aspernātus
appeterem,appeterem
nutritus,nūtrītus
iugulatus,iugulātus
huius,huius
respectu,respectū
deterritus,dēterritus
vitavi,vītāvī
rapuere,rapuēre
numeremus,numerēmus
agedum,agedum
deprensi,dēprēnsī
perierunt,periērunt
turbam,turbam
punitorum,pūnītōrum
temeritas,temeritās
bono,bonō
multis,multīs
favore,favōre
mortales,mortālēs
erroris,errōris
paenitendum,paenitendum
manifestis,manifēstīs
facturus,factūrus
ludos,lūdōs
proposito,prōpositō
cunctos,cūnctōs
invitavit,invītāvit
novitatem,novitātem
ostenderet,ostenderet
certamina,certāmina
urbano,urbānō
sale,sale
Sale,Sale
spectaculi,spectāculī
theatro,theātrō
prolatum,prōlātum
dispersus,dispersus
concitat,concitat
paulo,paulō
Paulo,Paulō
deficiunt,dēficiunt
nullis,nūllīs
adiutoribus,adiūtōribus
silentium,silentium
demisit,dēmīsit
porcelli,porcellī
pallio,palliō
contenderent,contenderent
excuti,excutī
iuberent,iubērent
facto,factō
repertum,repertum
lancibus,lancibus
hominemque,hominemque
plausu,plausū
prosequuntur,prōsequuntur
maximo,maximō
vincet,vincet
professus,professus
facturum,factūrum
fit,fit
favor,favor
mentes,mentēs
tenet,tenet
derisuri,dērīsūrī
spectaturi,spectātūrī
degrunnit,dēgrunnit
movetque,movetque
clamores,clāmōrēs
suscitat,suscitat
vestimentis,vestīmentīs
porcellum,porcellum
scilicet,scīlicet
priore,priōre
compererant,compererant
latens,latēns
pervellit,pervellit
celaverat,cēlāverat
exprimit,exprimit
acclamat,acclāmat
scurram,scurram
similius,similius
imitatum,imitātum
cogit,cōgit
sinu,sinū
turpemque,turpemque
aperto,apertō
probans,probāns
declarat,dēclārat
quales,quālēs
pectinem,pectinem
heia,hēia
superum,superum
voluntas,voluntās
favit,fāvit
fato,fātō
invido,invidō
carbonem,carbōnem
Carbonem,Carbōnem
thesauro,thēsaurō
delusit,dēlūsit
princeps,prīnceps
tibicen,tībīcen
vanus,vānus
arripuit,arripuit
insolentem,īnsolentem
fiduciam,fīdūciam
derisum,dērīsum
ducitur,dūcitur
notior,nōtior
Bathyllo,Bathyllō
pegma,pēgma
rapitur,rapitur
opinans,opīnāns
sinistram,sinistram
fregit,frēgit
tibiam,tībiam
dextras,dextrās
maluisset,māluisset
sublatus,sublātus
gemens,gemēns
refertur,refertur
transeunt,trānseunt
sanitatem,sānitātem
curatio,cūrātiō
spectatorum,spectātōrum
lepidum,lepidum
Lepidum,Lepidum
desiderari,dēsīderārī
solebat,solēbat
excitari,excitārī
vigor,vigor
incipiebat,incipiēbat
ingredi,ingredī
reducem,reducem
adducit,addūcit
tantummodo,tantummodo
ludorum,lūdōrum
tibicine,tībīcine
fremit,fremit
affirmant,affirmant
mortuum,mortuum
proditurum,prōditūrum
aulaeo,aulaeō
misso,missō
Misso,Missō
devolutis,dēvolūtīs
tonitribus,tonitribus
di,dī
translaticio,trānslātīciō
chorus,chorus
Chorus,Chorus
reducto,reductō
canticum,canticum
insonuit,īnsonuit
laetare,laetāre
salvo,salvō
principe,prīncipe
consurrectum,cōnsurrēctum
gratulari,grātulārī
fautores,fautōrēs
putat,putat
equester,equester
magnoque,magnōque
Magnoque,Magnōque
risu,rīsū
repeti,repetī
iteratur,iterātur
pulpito,pulpitō
prosternit,prōsternit
plaudit,plaudit
illudens,illūdēns
rogare,rogāre
coronam,corōnam
Coronam,Corōnam
existimat,exīstimat
cuneis,cuneīs
Cuneis,Cuneīs
notuit,nōtuit
ligato,ligātō
crure,crūre
niveisque,niveīsque
tunicis,tunicīs
niveis,niveīs
calceis,calceīs
superbiens,superbiēns
divinae,dīvīnae
universis,ūniversīs
protrusus,prōtrūsus
volucri,volucrī
pendens,pendēns
fronte,fronte
nudo,nūdō
teneas,teneās
Teneas,Teneās
elapsum,ēlāpsum
occasionem,occāsiōnem
brevem,brevem
impediret,impedīret
finxere,fīnxēre
antiqui,antīquī
vitulus,vitulus
angusto,angustō
aditu,aditū
luctans,luctāns
monstrabat,mōnstrābat
tace,tacē
doctiorem,doctiōrem
emendat,ēmendat
venator,vēnātor
adversus,adversus
fecisset,fēcisset
languere,languēre
ingravantibus,ingravantibus
hispidi,hispidī
pugnae,pugnae
cariosis,cariōsīs
latrans,lātrāns
destituit,dēstituit
fuimus,fuimus
damnas,damnās
scripserim,scrīpserim
appendix,appendix
novae,novae
avarum,avārum
superest,superest
caudae,caudae
nudas,nūdās
nates,natēs
fiat,fīat
spinas,spīnās
traham,traham
parvam,parvam
impertiar,impertiar
petendum,petendum
mortale,mortāle
instructius,īnstrūctius
attribuisset,attribuisset
quaecumque,quaecumque
indulgens,indulgēns
animali,animālī
elephanti,elephantī
cornicis,cornīcis
tauri,taurī
Tauri,Taurī
equi,equī
velocis,vēlōcis
placidam,placidam
mansuetudinem,mānsuētūdinem
nimirum,nīmīrum
secum,sēcum
ridet,rīdet
sceptrum,scēptrum
mundi,mundī
raperet,raperet
contenti,contentī
invicti,invictī
decurramus,dēcurrāmus
conemur,cōnēmur
sinit,sinit
mortalitas,mortālitās
mulieres,mulierēs
eodem,eōdem
Mercurium,Mercurium
hospitio,hospitiō
illiberali,illīberālī
receperant,recēperant
quarum,quārum
cunis,cūnīs
placebat,placēbat
meretricius,meretrīcius
parem,parem
excedens,excēdēns
videtis,vidētis
tribuam,tribuam
quaeque,quaeque
optarit,optārit
suppliciter,suppliciter
rogat,rogat
barbatum,barbātum
videat,videat
sequatur,sequātur
volat,volat
intro,intrō
infans,īnfāns
ciet,ciet
meretrix,meretrīx
rideret,rīdēret
nares,nārēs
replentur,replentur
umore,ūmōre
volens,volēns
prendit,prēndit
traxitque,trāxitque
nasi,nāsī
Nasi,Nāsī
aliam,aliam
Aliam,Aliam
ridens,rīdēns
exstitit,exstitit
veritate,vēritāte
mendacio,mendāciō
saeculi,saeculī
figulus,figulus
Figulus,Figulus
subtili,subtīlī
accersitus,accersītus
nuntio,nūntiō
commendat,commendat
fallaci,fallācī
disciplinam,disciplīnam
receperat,recēperat
membris,membrīs
habuit,habuit
faciendos,faciendōs
defecit,dēfēcit
magister,magister
festinanter,festīnanter
turbatus,turbātus
tantam,tantam
similitudinem,similitūdinem
propriae,propriae
fornaci,fornācī
percoctis,percoctīs
infuso,īnfūsō
modesto,modestō
incessit,incessit
haesit,haesit
vestigio,vestīgiō
imago,imāgō
furtivi,fūrtīvī
appellatum,appellātum
negantibus,negantibus
assentio,assentiō
aestimandum,aestimandum
Ixion,Ixīōn
versari,versārī
narratur,nārrātur
volubilem,volūbilem
iactari,iactārī
altos,altōs
Sisyphus,Sīsyphus
montes,montēs
agit,agit
saxum,saxum
vertice,vertice
revolvitur,revolvitur
fine,fīne
miserias,miseriās
amne,amne
Tantalus,Tantalus
sitit,sitit
avari,avārī
describuntur,dēscrībuntur
circumfluit,circumfluit
bonorum,bonōrum
urnis,urnīs
scelestas,scelestās
Danaides,Danaidēs
aquas,aquās
complere,complēre
dolia,dōlia
immo,immō
perfluet,perfluet
novem,novem
porrectus,porrēctus
Tityos,Tityōs
iugera,iūgera
renatum,renātum
suggerens,suggerēns
iecur,iecur
terrae,terrae
demonstratur,dēmōnstrātur
graviore,graviōre
affici,afficī
consulto,cōnsultō
veritatem,vēritātem
antiquitas,antīquitās
intellegeret,intellegeret
erraret,errāret
obsecro,obsecrō
Delphos,Delphōs
Parnasum,Parnāsum
sacratae,sacrātae
horrescunt,horrēscunt
comae,comae
tripodes,tripodēs
moventur,moventur
mugit,mūgit
adytis,adytīs
tremuntque,tremuntque
lauri,laurī
pallescit,pallēscit
resolvit,resolvit
Python,Pȳthōn
numine,nūmine
gentes,gentēs
Delii,Dēliī
dei,deī
pietatem,pietātem
Pietatem,Pietātem
colite,colite
castas,castās
coniuges,coniugēs
defendite,dēfendite
armis,armīs
favete,favēte
obviam,obviam
cohibete,cohibēte
impios,impiōs
thalamos,thalamōs
violant,violant
stupro,stuprō
cavete,cavēte
nimium,nimium
virgo,virgō
furens,furēns
perdidit,perdidit
recitarat,recitārat
iactaverat,iactāverat
scire,scīre
cupiens,cupiēns
numquid,numquid
superbior,superbior
ingeni,ingenī
pessimo,pessimō
volumine,volūmine
vehementer,vehementer
probo,probō
Probo,Probō
alio,aliō
continget,continget
Pompeius,Pompēius
nosse,nōsse
Pompei,Pompēī
loquendo,loquendō
ambulando,ambulandō
molliter,molliter
cinaedi,cinaedī
traxerat,trāxerat
certissimam,certissimam
insidiatus,īnsidiātus
nocte,nocte
iumentis,iūmentīs
auro,aurō
argenti,argentī
mulos,mūlōs
dissipat,dissipat
arguitur,arguitur
praetorium,praetōrium
ais,ais
tune,tūne
commilito,commīlitō
spoliare,spoliāre
exscreat,exscreat
sputum,spūtum
digitis,digitīs
Digitis,Digitīs
imperator,imperātor
oculi,oculī
mei,meī
vidi,vīdī
tetigi,tetigī
castrorum,castrōrum
propelli,prōpellī
credit,crēdit
intercessit,intercessit
fidens,fīdēns
Romanis,Rōmānīs
provocabat,prōvocābat
barbarus,barbarus
metuit,metuit
primi,prīmī
mussitant,mussitant
Mars,Mārs
adit,adit
sedentem,sedentem
tribunali,tribūnālī
ducem,ducem
molli,mollī
eici,ēicī
atroci,atrōcī
stomachans,stomachāns
imperat,imperat
senior,senior
principis,prīncipis
committi,committī
satius,satius
arbitror,arbitror
fortem,fortem
temeritatis,temeritātis
arguat,arguat
assensit,assēnsit
permisit,permīsit
militi,mīlitī
prodire,prōdīre
mirante,mīrante
victorque,victorque
Victorque,Victorque
dono,dōnō
libens,libēns
vindicasti,vindicāstī
Romani,Rōmānī
imperi,imperī
imitans,imitāns
ius,iūs
iurandum,iūrandum
militis,mīlitis
abstulisti,abstulistī
Iuno,Iūnō
castitatem,castitātem
laudaret,laudāret
iucunditatis,iūcunditātis
depellit,dēpellit
nullamque,nūllamque
affirmaret,affirmāret
interrogasse,interrogāsse
gallinam,gallīnam
Gallinam,Gallīnam
concedas,concēdās
pedibus,pedibus
scalpas,scalpās
modius,modius
permittes,permittēs
horreum,horreum
Horreum,Horreum
pateat,pateat
scalpam,scalpam
risisse,rīsisse
denotarit,dēnotārit
feminas,fēminās
ferox,ferōx
iuventus,iuventūs
recesserat,recesserat
verberibus,verberibus
servos,servōs
afficiebat,afficiēbat
plurimis,plūrimīs
exercebat,exercēbat
fervidam,fervidam
adulescentiam,adulēscentiam
narrat,nārrat
iuvenco,iuvencō
Iuvenco,Iuvencō
vetulum,vetulum
adiungebat,adiungēbat
refugiens,refugiēns
impari,imparī
excusaret,excūsāret
labores,labōrēs
domes,domēs
calce,calce
reddit,reddit
debiles,dēbilēs
tecum,tēcum
detines,dētinēs
feroxque,ferōxque
comprimis,comprimis
accrescat,accrēscat
atrocitati,atrōcitātī
mansuetudo,mānsuētūdō
gymnicus,gymnicus
conprimatur,conprimātur
gymnici,gymnicī
certaminis,certāminis
iactantiorem,iactantiōrem
adversarius,adversārius
valuisset,valuisset
istud,istud
maiores,maiōrēs
meruisti,meruistī
valentem,valentem
Valentem,Valentem
vicisti,vīcistī
ferendus,ferendus
diceres,dīcerēs
superasse,superāsse
lyram,lyram
temptavit,temptāvit
chordas,chordās
sonuere,sonuēre
tactae,tāctae
cessit,cessit
nescius,nescius
prudentior,prūdentior
divinis,dīvīnīs
oblectasset,oblectāsset
cantibus,cantibus
ingenia,ingenia
calamitate,calamitāte
dilectum,dīlēctum
sarcophago,sarcophagō
revelli,revellī
sepulcro,sepulcrō
lugens,lūgēns
degeret,dēgeret
claram,clāram
virginis,virginis
interea,intereā
fanum,fānum
compilarant,compīlārant
cruci,crucī
suffixi,suffīxī
luerunt,luērunt
numini,nūminī
custodes,cūstōdēs
cadaverum,cadāverum
monumentum,monumentum
iuxta,iuxtā
incluserat,inclūserat
custodibus,cūstōdibus
ancillulam,ancillulam
dominae,dominae
assistebat,assistēbat
dormitum,dormītum
eunti,euntī
lucubraverat,lūcubrāverat
usque,usque
serum,sērum
Serum,Sērum
vigilias,vigiliās
perduxerat,perdūxerat
paulum,paulum
Paulum,Paulum
reclusis,reclūsīs
foribus,foribus
videtque,videtque
aegram,aegram
corruptus,corruptus
ilico,īlicō
succenditur,succenditur
uritur,ūritur
sollers,sollers
acumen,acūmen
mille,mīlle
causas,causās
paulatim,paulātim
advenae,advenae
submissior,submissior
artior,artior
revinxit,revīnxit
consumit,cōnsūmit
noctes,noctēs
desideratum,dēsīderātum
exponit,expōnit
mulieri,mulierī
tradit,trādit
figendum,fīgendum
subeat,subeat
neglegentiae,neglegentiae
turpitudo,turpitūdō
obsedit,obsēdit
sponsi,spōnsī
interdum,interdum
spem,spem
expetebant,expetēbant
virginem,virginem
vicit,vīcit
nuptiarum,nūptiārum
amans,amāns
poterat,poterat
propinquos,propinquōs
contulit,contulit
divitis,dīvitis
urbe,urbe
explicatur,explicātur
frequens,frequēns
coniugalem,coniugālem
praebet,praebet
hymenaeus,hymenaeus
Hymenaeus,Hymenaeus
pauperi,pauperī
quaestum,quaestum
portae,portae
limine,līmine
puellae,puellae
conducunt,condūcunt
viae,viae
teneros,tenerōs
laedant,laedant
ventis,ventīs
movetur,movētur
intonat,intonat
noctemque,noctemque
densis,dēnsīs
horridam,horridam
nimbis,nimbīs
lux,lūx
grandinis,grandinis
trepidos,trepidōs
comites,comitēs
quemque,quemque
cogens,cōgēns
praesidium,praesidium
notum,nōtum
tectum,tēctum
subit,subit
venisse,vēnisse
procurrunt,prōcurrunt
pueri,puerī
pulchram,pulchram
Pulchram,Pulchram
aspiciunt,aspiciunt
admirantur,admīrantur
nuntiant,nūntiant
sodales,sodālēs
accubans,accubāns
amorem,amōrem
crebris,crēbrīs
avocabat,āvocābat
nuntiatum,nūntiātum
recreatus,recreātus
gaudiis,gaudiīs
hortante,hortante
Baccho,Bacchō
dulces,dulcēs
perficit,perficit
aequalitatis,aequālitātis
praeconem,praecōnem
novus,novus
coniuge,coniuge
actum,āctum
favorem,favōrem
comprobarunt,comprobārunt
caelitum,caelitum
serviret,servīret
expingendo,expingendō
intricaret,intrīcāret
diem,diem
argentum,argentum
sumeret,sūmeret
inveniret,invenīret
digito,digitō
Digito,Digitō
tangeret,tangeret
licetne,licetne
censeo,cēnseō
quidvis,quidvīs
efficies,efficiēs
adeone,adeōne
cessabit,cessābit
cessabunt,cessābunt
latera,latera
obiurgari,obiūrgārī
servum,servum
garrulum,garrulum
armillam,armillam
eam,eam
furore,furōre
vocat,vocat
proponit,prōpōnit
gravia,gravia
dixerint,dīxerint
minare,mināre
falles,fallēs
flagris,flagrīs
gallus,gallus
Gallus,Gallus
felibus,fēlibus
vectus,vectus
securitatem,sēcūritātem
lecticarios,lectīcāriōs
gloriosum,glōriōsum
vehi,vehī
moneo,moneō
praecaveas,praecaveās
istorum,istōrum
consideras,cōnsīderās
portare,portāre
esurire,ēsurīre
discerpsit,discerpsit
committas,committās
fidei,fideī
premente,premente
gemeret,gemeret
iacens,iacēns
obstetricis,obstetrīcis
fungi,fungī
promittens,prōmittēns
opem,opem
pectoris,pectoris
improbi,improbī
suspectum,suspectum
repudiavit,repudiāvit
recedis,recēdis
perfidiae,perfidiae
commisisset,commīsisset
deflesset,dēflēsset
servus,servus
profugus,profugus
addendum,addendum
profugiens,profugiēns
asperae,asperae
dignus,dignus
appellari,appellārī
apud,apud
deponitur,dēpōnitur
mittor,mittor
viatico,viāticō
domi,domī
cenat,cēnat
persto,perstō
noctibus,noctibus
iaceo,iaceō
emerui,ēmeruī
libertatem,lībertātem
canus,cānus
servio,serviō
Servio,Serviō
essem,essem
ferrem,ferrem
satur,satur
dominium,dominium
longum,longum
destinavi,dēstināvī
audi,audī
experiris,experīris
refers,refers
passurum,passūrum
pistrinum,pistrīnum
venumdatus,vēnumdatus
ferendum,ferendum
equum,equum
palmis,palmīs
abegit,abēgit
vendidit,vēndidit
productus,prōductus
bibendum,bibendum
aequales,aequālēs
redderent,redderent
lacrimis,lacrimīs
obortis,obortīs
sollemnem,sollemnem
attraxit,attrāxit
sorte,sorte
deflebo,dēflēbō
ursus,ursus
urso,ursō
copiae,cōpiae
scopulosum,scopulōsum
littus,littus
prendens,prēndēns
petram,petram
Petram,Petram
crura,crūra
demittit,dēmittit
villos,villōs
haeserunt,haesērunt
canceres,cancerēs
abripiens,abripiēns
excutit,excutit
vafer,vafer
acuit,acuit
fames,famēs
saepenumero,saepenumerō
decipi,dēcipī
devium,dēvium
exaudivit,exaudīvit
paululum,paululum
neminem,nēminem
cepit,cēpit
gradum,gradum
iterum,iterum
salutat,salūtat
occulto,occultō
hospitali,hospitālī
confirmatus,cōnfirmātus
quisquis,quisquis
circumspectans,circumspectāns
haesisset,haesisset
perdidisset,perdidisset
supervolans,supervolāns
ingessit,ingessit
lusum,lūsum
intellegens,intellegēns
detinuisti,dētinuistī
pastor,pāstor
occultum,occultum
reveletur,revēlētur
baculo,baculō
fregerat,frēgerat
proderet,prōderet
reticebo,reticēbō
clamabit,clāmābit
deficit,dēficit
vulpinam,vulpīnam
insuendam,īnsuendam
astu,āstū
utendum,ūtendum
lacertam,lacertam
aversam,āversam
prenderat,prēnderat
devorare,dēvorāre
surculum,surculum
pertinaci,pertinācī
transversum,trānsversum
tenens,tenēns
avidum,avidum
sollerti,sollertī
rictum,rictum
frenavit,frēnāvit
irritam,irritam
fortibus,fortibus
consederat,cōnsēderat
tulisset,tulisset
dentato,dentātō
fecisses,fēcissēs
dedisses,dedissēs
despicio,dēspiciō
inermes,inermēs
lacessam,lacessam
blandiar,blandiar
senectam,senectam
prorogo,prōrogō
maledictum,maledictum
gravius,gravius
nequam,nēquam
Socrati,Sōcratī
malediceret,maledīceret
corrupisset,corrūpisset
idque,idque
sciret,scīret
circumstantibus,circumstantibus
debes,dēbēs
blandos,blandōs
infideles,īnfidēlēs
venatorem,vēnātōrem
fugeret,fugeret
bubulco,bubulcō
Bubulco,Bubulcō
veprem,veprem
irreperet,irrēperet
perque,perque
bubulce,bubulce
Bubulce,Bubulce
agro,agrō
iamque,iamque
sequens,sequēns
huc,hūc
laevam,laevam
dexteram,dexteram
demonstrat,dēmōnstrat
nutu,nūtū
citus,citus
intellexit,intellēxit
ecquid,ecquid
celavi,cēlāvī
linguae,linguae
nego,negō
maximas,maximās
priveris,prīvēris
opto,optō
perfidis,perfidīs
blandiretur,blandīrētur
iuveni,iuvenī
iniuriis,iniūriīs
praeberet,praebēret
facilem,facilem
insidiatrix,īnsidiātrīx
muneribus,mūneribus
contendant,contendant
plurimi,plūrimī
facio,faciō
recordans,recordāns
quotiens,quotiēns
audio,audiō
fiber,fiber
Graeci,Graecī
loquaces,loquācēs
castorem,castorem
Castorem,Castorem
indiderunt,indidērunt
bestiae,bēstiae
Bestiae,Bēstiae
verborum,verbōrum
abripere,abripere
testiculos,testiculōs
peti,petī
negem,negem
omittit,omittit
persequi,persequī
tuti,tūtī
posthac,posthāc
viverent,vīverent
quisquam,quisquam
faceret,faceret
papilio,pāpiliō
praeteritam,praeteritam
praesentem,praesentem
aspiciendam,aspiciendam
vespam,vespam
praetervolitans,praetervolitāns
sortem,sortem
iniquam,inīquam
vivebant,vīvēbant
animam,animam
eloquens,ēloquēns
pace,pāce
proeliis,proeliīs
fui,fuī
volito,volitō
fuisti,fuistī
mulus,mūlus
clitellarius,clītellārius
laedis,laedis
infixo,īnfīxō
aculeo,aculeō
Aculeo,Aculeō
dignam,dignam
edidit,ēdidit
simus,sīmus
pravis,prāvīs
adhibendam,adhibendam
dicunt,dīcunt
componit,compōnit
improbae,improbae
vulpeculae,vulpēculae
pennis,pennīs
Pennis,Pennīs
fugisti,fūgistī
grilli,grillī
scarabaei,scarabaeī
locustarum,locustārum
Locustarum,Locustārum
metuas,metuās
diligo,dīligō
quietos,quiētōs
probam,probam
bene,bene
campo,campō
salutem,salūtem
committo,committō
epilogus,epilogus
qualecumque,quālecumque
ludit,lūdit
frugalitas,frūgālitās
